test,date,bucket,rank_ic_12m,mean_next_12m,n
attention_vs_momentum_ic,2000-06-30,1,-0.21666666666666667,0.0006821060612686539,9
attention_vs_momentum_ic,2000-06-30,2,0.38333333333333336,0.0009756394093124824,9
attention_vs_momentum_ic,2000-06-30,3,0.049999999999999996,-0.10313584858063654,9
attention_vs_momentum_ic,2000-07-31,1,0.06666666666666667,-0.11721313054898348,9
attention_vs_momentum_ic,2000-07-31,2,0.261904761904762,-0.17269665995273703,8
attention_vs_momentum_ic,2000-07-31,3,0.6333333333333333,-0.05774391910592999,9
attention_vs_momentum_ic,2000-08-31,1,0.21666666666666667,-0.22853280522925573,9
attention_vs_momentum_ic,2000-08-31,2,0.5952380952380953,-0.17645763162388123,8
attention_vs_momentum_ic,2000-08-31,3,0.5,-0.00918942123983905,9
attention_vs_momentum_ic,2000-10-31,1,0.049999999999999996,-0.057886985012714116,9
attention_vs_momentum_ic,2000-10-31,2,0.7333333333333334,-0.12402429992263578,9
attention_vs_momentum_ic,2000-10-31,3,0.7,0.35830583602914545,9
attention_vs_momentum_ic,2000-11-30,1,0.3666666666666667,0.1267192825331932,9
attention_vs_momentum_ic,2000-11-30,2,0.5333333333333333,0.23088324357025908,9
attention_vs_momentum_ic,2000-11-30,3,0.41666666666666663,0.4924343923991273,9
attention_vs_momentum_ic,2001-01-31,1,0.38181818181818183,0.15291398657493147,10
attention_vs_momentum_ic,2001-01-31,2,0.25,0.11488921895598375,9
attention_vs_momentum_ic,2001-01-31,3,0.18333333333333335,0.31692359169105655,9
attention_vs_momentum_ic,2001-02-28,1,0.03333333333333333,0.3825094746025054,9
attention_vs_momentum_ic,2001-02-28,2,0.5000000000000001,0.3449454995558857,8
attention_vs_momentum_ic,2001-02-28,3,0.016666666666666666,0.48147642453167067,9
attention_vs_momentum_ic,2001-04-30,1,-0.06666666666666667,1.614694330435457,9
attention_vs_momentum_ic,2001-04-30,2,0.5499999999999999,0.7907785555287307,9
attention_vs_momentum_ic,2001-04-30,3,0.33333333333333337,0.4156622912182568,9
attention_vs_momentum_ic,2001-05-31,1,0.10303030303030303,1.0945379833953388,10
attention_vs_momentum_ic,2001-05-31,2,0.06666666666666667,0.258889646506286,9
attention_vs_momentum_ic,2001-05-31,3,0.5666666666666667,0.24128057240322587,9
attention_vs_momentum_ic,2001-07-31,1,-0.23636363636363633,1.172182373535623,10
attention_vs_momentum_ic,2001-07-31,2,0.08333333333333334,0.5454566655051598,9
attention_vs_momentum_ic,2001-07-31,3,-0.06666666666666667,0.06580098504123184,9
attention_vs_momentum_ic,2001-08-31,1,-0.11515151515151514,1.183312681375421,10
attention_vs_momentum_ic,2001-08-31,2,0.21666666666666667,0.40014019737402085,9
attention_vs_momentum_ic,2001-08-31,3,-0.01818181818181818,0.38169690899135433,10
attention_vs_momentum_ic,2001-10-31,1,0.309090909090909,1.1708290278210856,10
attention_vs_momentum_ic,2001-10-31,2,0.0,0.5249987673421087,9
attention_vs_momentum_ic,2001-10-31,3,0.18787878787878787,0.24296945290206864,10
attention_vs_momentum_ic,2001-11-30,1,0.5393939393939393,0.9983645784734874,10
attention_vs_momentum_ic,2001-11-30,2,0.6,0.2755174864383199,10
attention_vs_momentum_ic,2001-11-30,3,0.04242424242424241,0.17956705973594153,10
attention_vs_momentum_ic,2002-01-31,1,-0.09118583155200968,0.7489364546877691,10
attention_vs_momentum_ic,2002-01-31,2,-0.09090909090909088,-0.28080166645669713,10
attention_vs_momentum_ic,2002-01-31,3,0.11515151515151514,-0.07492957613890128,10
attention_vs_momentum_ic,2002-02-28,1,-0.19090909090909092,0.4476857046153317,11
attention_vs_momentum_ic,2002-02-28,2,0.1515151515151515,-0.2748181509669237,10
attention_vs_momentum_ic,2002-02-28,3,0.0303030303030303,-0.18912166575776085,10
attention_vs_momentum_ic,2002-04-30,1,0.21666666666666667,-0.3676465790948862,9
attention_vs_momentum_ic,2002-04-30,2,-0.39999999999999997,-0.2757462518883179,9
attention_vs_momentum_ic,2002-04-30,3,-0.06666666666666667,-0.20721914620574797,9
attention_vs_momentum_ic,2002-05-31,1,0.28484848484848485,-0.192980567405758,10
attention_vs_momentum_ic,2002-05-31,2,-0.33333333333333326,-0.22662808120287306,10
attention_vs_momentum_ic,2002-05-31,3,-0.12727272727272726,-0.1272633786651805,10
attention_vs_momentum_ic,2002-07-31,1,0.46363636363636374,-0.019311723661636096,11
attention_vs_momentum_ic,2002-07-31,2,-0.41818181818181815,-0.04095372807525629,10
attention_vs_momentum_ic,2002-07-31,3,0.34545454545454546,0.0733840491498647,10
attention_vs_momentum_ic,2002-09-30,1,-0.05454545454545456,0.03515508403380043,11
attention_vs_momentum_ic,2002-09-30,2,0.2727272727272727,0.19029395567646273,10
attention_vs_momentum_ic,2002-09-30,3,-0.6606060606060605,0.3739205553440502,10
attention_vs_momentum_ic,2002-10-31,1,-0.05454545454545456,0.05364908613928268,11
attention_vs_momentum_ic,2002-10-31,2,-0.07878787878787878,0.24730132692987955,10
attention_vs_momentum_ic,2002-10-31,3,-0.5151515151515151,0.7217033104373367,10
attention_vs_momentum_ic,2003-02-28,1,0.22424242424242422,0.5149352923445267,10
attention_vs_momentum_ic,2003-02-28,2,0.18333333333333335,0.6340993527408227,9
attention_vs_momentum_ic,2003-02-28,3,-0.35757575757575755,1.1154762871917212,10
attention_vs_momentum_ic,2003-03-31,1,0.02727272727272728,0.8349509577146403,11
attention_vs_momentum_ic,2003-03-31,2,-0.11515151515151514,0.7340998315903315,10
attention_vs_momentum_ic,2003-03-31,3,-0.17575757575757575,1.019752649036477,10
attention_vs_momentum_ic,2003-04-30,1,-0.19090909090909092,0.8204217049154333,11
attention_vs_momentum_ic,2003-04-30,2,-0.5757575757575757,0.38934477638385934,10
attention_vs_momentum_ic,2003-04-30,3,-0.24848484848484845,0.5815028506006431,10
attention_vs_momentum_ic,2003-06-30,1,-0.018181818181818184,0.35942958864331037,11
attention_vs_momentum_ic,2003-06-30,2,-0.14545454545454548,0.05752891692148403,11
attention_vs_momentum_ic,2003-06-30,3,0.7000000000000001,0.3060962983638373,11
attention_vs_momentum_ic,2003-07-31,1,-0.013986013986013986,0.2024735698891846,12
attention_vs_momentum_ic,2003-07-31,2,0.02727272727272728,0.07927589546282375,11
attention_vs_momentum_ic,2003-07-31,3,0.5818181818181819,0.16995306403399302,11
attention_vs_momentum_ic,2003-09-30,1,-0.16363636363636366,0.3492615050618057,11
attention_vs_momentum_ic,2003-09-30,2,0.2545454545454546,0.391109409895199,11
attention_vs_momentum_ic,2003-09-30,3,0.5818181818181819,0.21111655323568954,11
attention_vs_momentum_ic,2003-10-31,1,0.3545454545454546,0.28313755232105764,11
attention_vs_momentum_ic,2003-10-31,2,0.22424242424242422,0.20613356295559782,10
attention_vs_momentum_ic,2003-10-31,3,0.5272727272727273,0.030925231105440452,11
attention_vs_momentum_ic,2004-03-31,1,-0.4909090909090909,0.5135588332347093,11
attention_vs_momentum_ic,2004-03-31,2,-0.4545454545454545,0.1764984592143795,10
attention_vs_momentum_ic,2004-03-31,3,0.11818181818181818,0.21342445904551902,11
attention_vs_momentum_ic,2004-04-30,1,0.03636363636363637,0.2825732530888761,11
attention_vs_momentum_ic,2004-04-30,2,-0.4545454545454545,0.23951041650658614,10
attention_vs_momentum_ic,2004-04-30,3,-0.28181818181818186,0.2642540373037074,11
attention_vs_momentum_ic,2004-05-31,1,-0.14685314685314685,0.6754762665436843,12
attention_vs_momentum_ic,2004-05-31,2,-0.20909090909090913,0.36064392018942154,11
attention_vs_momentum_ic,2004-05-31,3,-0.30069930069930073,0.34281464280456825,12
attention_vs_momentum_ic,2004-06-30,1,-0.1398601398601399,0.9233362765862219,12
attention_vs_momentum_ic,2004-06-30,2,-0.009090909090909092,0.39006273237170674,11
attention_vs_momentum_ic,2004-06-30,3,0.30000000000000004,0.38159529769308026,11
attention_vs_momentum_ic,2004-08-31,1,0.33636363636363636,1.0922814517885444,11
attention_vs_momentum_ic,2004-08-31,2,0.0303030303030303,0.46012654965115596,10
attention_vs_momentum_ic,2004-08-31,3,0.46363636363636374,0.46176190508222753,11
attention_vs_momentum_ic,2004-09-30,1,0.14685314685314685,1.1010093501072316,12
attention_vs_momentum_ic,2004-09-30,2,0.5454545454545455,0.6949549449324866,11
attention_vs_momentum_ic,2004-09-30,3,0.0,0.5664759899542245,12
attention_vs_momentum_ic,2004-11-30,1,0.30000000000000004,1.467139559217911,11
attention_vs_momentum_ic,2004-11-30,2,0.1515151515151515,0.7861326978855792,10
attention_vs_momentum_ic,2004-11-30,3,0.02727272727272728,0.25973697151153224,11
attention_vs_momentum_ic,2005-01-31,1,0.24545454545454545,1.359188079948751,11
attention_vs_momentum_ic,2005-01-31,2,0.6636363636363638,0.6382558425203944,11
attention_vs_momentum_ic,2005-01-31,3,0.009090909090909092,0.24103320867684017,11
attention_vs_momentum_ic,2005-02-28,1,-0.04195804195804196,0.9878453611525794,12
attention_vs_momentum_ic,2005-02-28,2,0.6181818181818182,0.5548114830103774,11
attention_vs_momentum_ic,2005-02-28,3,0.3454545454545455,0.36881361516147754,11
attention_vs_momentum_ic,2005-03-31,1,-0.14545454545454548,1.0623188014359366,11
attention_vs_momentum_ic,2005-03-31,2,0.28484848484848485,0.4058778610531121,10
attention_vs_momentum_ic,2005-03-31,3,0.7696969696969697,0.3671174041012801,10
attention_vs_momentum_ic,2005-05-31,1,0.034965034965034975,0.9323670900347398,12
attention_vs_momentum_ic,2005-05-31,2,0.3454545454545455,0.5753633316397541,11
attention_vs_momentum_ic,2005-05-31,3,0.5272727272727273,0.34238321235012303,11
attention_vs_momentum_ic,2005-06-30,1,-0.34545454545454546,0.7180529005986738,10
attention_vs_momentum_ic,2005-06-30,2,-0.13333333333333333,0.597263454948931,9
attention_vs_momentum_ic,2005-06-30,3,0.6484848484848483,0.21496144506945808,10
attention_vs_momentum_ic,2005-08-31,1,0.15384615384615385,0.7961083417882788,12
attention_vs_momentum_ic,2005-08-31,2,0.5363636363636364,0.3164781184672457,11
attention_vs_momentum_ic,2005-08-31,3,0.6818181818181819,0.24630639175204125,11
attention_vs_momentum_ic,2005-09-30,1,-0.20979020979020982,0.6699663537950133,12
attention_vs_momentum_ic,2005-09-30,2,0.07272727272727274,0.23727328150684776,11
attention_vs_momentum_ic,2005-09-30,3,0.8000000000000002,0.10060634724063626,11
attention_vs_momentum_ic,2005-10-31,1,0.06363636363636364,0.6369623469302111,11
attention_vs_momentum_ic,2005-10-31,2,0.5363636363636364,0.37650653757073305,11
attention_vs_momentum_ic,2005-10-31,3,0.3545454545454546,0.1912246126394904,11
attention_vs_momentum_ic,2005-11-30,1,-0.009090909090909092,0.37647768962875844,11
attention_vs_momentum_ic,2005-11-30,2,0.045454545454545456,0.31424725079937976,11
attention_vs_momentum_ic,2005-11-30,3,0.13636363636363638,0.08301646615274488,11
attention_vs_momentum_ic,2006-01-31,1,-0.09090909090909091,0.12146875165715217,11
attention_vs_momentum_ic,2006-01-31,2,-0.09090909090909088,0.0690334338716187,10
attention_vs_momentum_ic,2006-01-31,3,-0.406060606060606,0.06914192559804894,10
attention_vs_momentum_ic,2006-02-28,1,0.27272727272727276,0.05793194293225557,11
attention_vs_momentum_ic,2006-02-28,2,-0.5393939393939393,0.2517099611569676,10
attention_vs_momentum_ic,2006-02-28,3,0.38181818181818183,0.021510882906225846,10
attention_vs_momentum_ic,2006-03-31,1,0.26363636363636367,0.24347497290210776,11
attention_vs_momentum_ic,2006-03-31,2,-0.3696969696969697,0.18694280161701132,10
attention_vs_momentum_ic,2006-03-31,3,0.08181818181818183,0.19163393118083033,11
attention_vs_momentum_ic,2006-06-30,1,0.4725274725274725,0.910360344148534,13
attention_vs_momentum_ic,2006-06-30,2,0.6293706293706295,0.520605474787831,12
attention_vs_momentum_ic,2006-06-30,3,-0.5874125874125874,0.4785908746068191,12
attention_vs_momentum_ic,2006-07-31,1,0.3846153846153847,0.9393849464916455,12
attention_vs_momentum_ic,2006-07-31,2,0.4895104895104896,0.8914214269201173,12
attention_vs_momentum_ic,2006-07-31,3,-0.2657342657342658,0.4122922026321885,12
attention_vs_momentum_ic,2006-08-31,1,0.2447552447552448,0.8959141303316008,12
attention_vs_momentum_ic,2006-08-31,2,0.5090909090909091,0.8462145148462459,11
attention_vs_momentum_ic,2006-08-31,3,-0.25874125874125875,0.4548844013939477,12
attention_vs_momentum_ic,2006-10-31,1,0.3186813186813187,1.4165456357805426,13
attention_vs_momentum_ic,2006-10-31,2,0.4265734265734266,0.6628651846758253,12
attention_vs_momentum_ic,2006-10-31,3,0.006993006993006993,0.5961679969377874,12
attention_vs_momentum_ic,2006-11-30,1,0.4340659340659341,1.1390388612278401,13
attention_vs_momentum_ic,2006-11-30,2,0.5244755244755246,0.36897621349510884,12
attention_vs_momentum_ic,2006-11-30,3,0.07692307692307693,0.3565031016647879,12
attention_vs_momentum_ic,2007-01-31,1,0.3272727272727273,0.5766238500176597,11
attention_vs_momentum_ic,2007-01-31,2,0.5545454545454546,0.4840441372675629,11
attention_vs_momentum_ic,2007-01-31,3,0.4000000000000001,0.24157169421749564,11
attention_vs_momentum_ic,2007-02-28,1,0.7545454545454545,0.8062793611738229,11
attention_vs_momentum_ic,2007-02-28,2,0.8060606060606059,0.3092782122427014,10
attention_vs_momentum_ic,2007-02-28,3,-0.49090909090909085,0.21178544341343847,10
attention_vs_momentum_ic,2007-04-30,1,0.2967032967032967,0.49262808047337625,13
attention_vs_momentum_ic,2007-04-30,2,-0.07692307692307693,0.2642114727438859,12
attention_vs_momentum_ic,2007-04-30,3,0.0,0.3018173475381279,13
attention_vs_momentum_ic,2007-05-31,1,0.2937062937062937,0.2638167511952747,12
attention_vs_momentum_ic,2007-05-31,2,-0.2657342657342658,0.1276985083715658,12
attention_vs_momentum_ic,2007-05-31,3,0.0979020979020979,0.10570717198049484,12
attention_vs_momentum_ic,2007-07-31,1,0.2867132867132868,-0.1432554997660803,12
attention_vs_momentum_ic,2007-07-31,2,-0.3181818181818182,-0.12019231645810692,11
attention_vs_momentum_ic,2007-07-31,3,-0.2797202797202798,-0.1143381590996095,12
attention_vs_momentum_ic,2007-08-31,1,-0.09090909090909093,-0.1497452188751807,12
attention_vs_momentum_ic,2007-08-31,2,-0.3216783216783217,-0.24815720407396746,12
attention_vs_momentum_ic,2007-08-31,3,-0.17482517482517487,-0.12500741181083894,12
attention_vs_momentum_ic,2007-10-31,1,-0.6727272727272727,-0.4911428092023934,11
attention_vs_momentum_ic,2007-10-31,2,-0.23636363636363636,-0.39036074609269755,11
attention_vs_momentum_ic,2007-10-31,3,-0.3272727272727273,-0.40800718527405794,11
attention_vs_momentum_ic,2007-11-30,1,-0.25874125874125875,-0.46327426032277,12
attention_vs_momentum_ic,2007-11-30,2,-0.09090909090909091,-0.3604610847338462,11
attention_vs_momentum_ic,2007-11-30,3,0.6181818181818182,-0.3703282388017643,11
attention_vs_momentum_ic,2008-01-31,1,0.12637362637362637,-0.32517473344917913,13
attention_vs_momentum_ic,2008-01-31,2,0.034965034965034975,-0.1114264722367312,12
attention_vs_momentum_ic,2008-01-31,3,0.3681318681318681,0.024864600488346975,13
attention_vs_momentum_ic,2008-02-29,1,-0.15384615384615385,-0.4436489307690106,12
attention_vs_momentum_ic,2008-02-29,2,0.6013986013986015,-0.2742512561795046,12
attention_vs_momentum_ic,2008-02-29,3,0.013986013986013986,0.025742662742133365,12
attention_vs_momentum_ic,2008-03-31,1,-0.2797202797202798,-0.3283852799811383,12
attention_vs_momentum_ic,2008-03-31,2,0.006993006993006993,-0.16922437869230553,12
attention_vs_momentum_ic,2008-03-31,3,-0.16083916083916086,0.23985932506531424,12
attention_vs_momentum_ic,2008-04-30,1,-0.16783216783216784,-0.16849116434532874,12
attention_vs_momentum_ic,2008-04-30,2,-0.18181818181818185,-0.09439577179951776,12
attention_vs_momentum_ic,2008-04-30,3,0.02097902097902098,-0.21319387907608967,12
attention_vs_momentum_ic,2008-06-30,1,0.21428571428571427,-0.16887746010932714,13
attention_vs_momentum_ic,2008-06-30,2,0.15384615384615385,0.011426675305182432,12
attention_vs_momentum_ic,2008-06-30,3,0.6573426573426573,-0.1141041260198028,12
attention_vs_momentum_ic,2008-07-31,1,-0.17032967032967034,-0.02356713256586043,13
attention_vs_momentum_ic,2008-07-31,2,-0.6503496503496504,0.1742332856827471,12
attention_vs_momentum_ic,2008-07-31,3,0.2747252747252747,0.01619351951986118,13
attention_vs_momentum_ic,2008-09-30,1,0.5034965034965035,0.1688029229751665,12
attention_vs_momentum_ic,2008-09-30,2,-0.23076923076923078,0.306250417099489,12
attention_vs_momentum_ic,2008-09-30,3,0.46153846153846156,0.29276815677755913,12
attention_vs_momentum_ic,2008-10-31,1,0.19230769230769232,0.5949510255363989,13
attention_vs_momentum_ic,2008-10-31,2,-0.15384615384615385,0.6340844395598846,12
attention_vs_momentum_ic,2008-10-31,3,-0.2747252747252747,0.5311446492526031,13
attention_vs_momentum_ic,2009-03-31,1,-0.5549450549450549,0.741970361481305,13
attention_vs_momentum_ic,2009-03-31,2,0.7412587412587414,0.4171206650332196,12
attention_vs_momentum_ic,2009-03-31,3,0.049450549450549455,0.35092924004668336,13
attention_vs_momentum_ic,2009-04-30,1,-0.34065934065934067,0.42700842914260007,13
attention_vs_momentum_ic,2009-04-30,2,0.2657342657342658,0.2686337923238999,12
attention_vs_momentum_ic,2009-04-30,3,-0.016483516483516484,0.2962032613528204,13
attention_vs_momentum_ic,2009-06-30,1,0.3142857142857143,0.5502296410616674,14
attention_vs_momentum_ic,2009-06-30,2,0.5164835164835164,0.27793394251726394,13
attention_vs_momentum_ic,2009-06-30,3,-0.06593406593406594,0.1325368217556431,13
attention_vs_momentum_ic,2009-07-31,1,0.45494505494505494,0.3905750255140389,14
attention_vs_momentum_ic,2009-07-31,2,0.7252747252747254,0.2880752416346686,13
attention_vs_momentum_ic,2009-07-31,3,0.0934065934065934,0.08916232217861603,13
attention_vs_momentum_ic,2009-08-31,1,-0.1956043956043956,0.29978093029941666,14
attention_vs_momentum_ic,2009-08-31,2,0.22527472527472525,0.23572161064700303,13
attention_vs_momentum_ic,2009-08-31,3,-0.14725274725274726,0.0718560032663087,14
attention_vs_momentum_ic,2009-09-30,1,-0.0857142857142857,0.2606375411911104,14
attention_vs_momentum_ic,2009-09-30,2,-0.14285714285714285,0.2792709113875892,13
attention_vs_momentum_ic,2009-09-30,3,-0.4505494505494505,0.1654108650842736,13
attention_vs_momentum_ic,2009-11-30,1,-0.22527472527472525,0.5605254511192721,13
attention_vs_momentum_ic,2009-11-30,2,-0.054945054945054944,0.2856785912558992,13
attention_vs_momentum_ic,2009-11-30,3,-0.16483516483516483,0.2877598032327255,13
attention_vs_momentum_ic,2010-03-31,1,-0.13186813186813187,0.32066325155466135,13
attention_vs_momentum_ic,2010-03-31,2,-0.1958041958041958,0.37368022737079337,12
attention_vs_momentum_ic,2010-03-31,3,0.2087912087912088,0.24585793270706574,13
attention_vs_momentum_ic,2010-04-30,1,0.04395604395604395,0.4027504410617444,13
attention_vs_momentum_ic,2010-04-30,2,-0.2937062937062937,0.17992572487629446,12
attention_vs_momentum_ic,2010-04-30,3,0.30069930069930073,0.27119565546628127,12
attention_vs_momentum_ic,2010-05-31,1,0.24835164835164836,0.3938304666608138,14
attention_vs_momentum_ic,2010-05-31,2,-0.24725274725274726,0.530616714389993,13
attention_vs_momentum_ic,2010-05-31,3,0.45054945054945056,0.27460096955378155,14
attention_vs_momentum_ic,2010-06-30,1,0.2728274478219458,0.25008858519434335,14
attention_vs_momentum_ic,2010-06-30,2,-0.07142857142857142,0.3116110603809664,13
attention_vs_momentum_ic,2010-06-30,3,0.24835164835164836,0.3390357461917008,14
attention_vs_momentum_ic,2010-08-31,1,0.4964285714285714,0.15856536166005614,15
attention_vs_momentum_ic,2010-08-31,2,-0.39780219780219783,0.023863647311335532,14
attention_vs_momentum_ic,2010-08-31,3,-0.05054945054945055,0.08021397196364739,14
attention_vs_momentum_ic,2010-09-30,1,0.3934065934065934,0.0034132965977054985,14
attention_vs_momentum_ic,2010-09-30,2,0.021978021978021976,-0.17977700757142429,13
attention_vs_momentum_ic,2010-09-30,3,-0.10989010989010989,-0.101954242778003,13
attention_vs_momentum_ic,2010-11-30,1,0.6923076923076923,-0.0051658349430210625,14
attention_vs_momentum_ic,2010-11-30,2,0.11538461538461539,-0.13940437322029492,13
attention_vs_momentum_ic,2010-11-30,3,0.04615384615384615,-0.03446970216907722,14
attention_vs_momentum_ic,2011-01-31,1,0.6351648351648352,-0.04386759444403298,14
attention_vs_momentum_ic,2011-01-31,2,0.006593406593406593,-0.15930985459319408,14
attention_vs_momentum_ic,2011-01-31,3,-0.15164835164835166,-0.03442279321675918,14
attention_vs_momentum_ic,2011-02-28,1,0.4505494505494505,0.0296585484580617,13
attention_vs_momentum_ic,2011-02-28,2,0.32867132867132864,-0.022323622890634925,12
attention_vs_momentum_ic,2011-02-28,3,-0.3186813186813187,-0.0010001685964555408,13
attention_vs_momentum_ic,2011-03-31,1,0.27472527472527475,-0.01996407627818417,14
attention_vs_momentum_ic,2011-03-31,2,0.23076923076923075,-0.20159134372230061,14
attention_vs_momentum_ic,2011-03-31,3,-0.15164835164835166,-0.06283025186893677,14
attention_vs_momentum_ic,2011-05-31,1,-0.23928571428571427,-0.0908003406909193,15
attention_vs_momentum_ic,2011-05-31,2,0.04615384615384615,-0.24453892810166833,14
attention_vs_momentum_ic,2011-05-31,3,-0.1357142857142857,-0.1354370402680665,15
attention_vs_momentum_ic,2011-06-30,1,-0.25357142857142856,-0.11616659135603695,15
attention_vs_momentum_ic,2011-06-30,2,-0.01098901098901099,-0.1675344837918234,14
attention_vs_momentum_ic,2011-06-30,3,-0.2351648351648352,-0.1370399714976313,14
attention_vs_momentum_ic,2011-08-31,1,-0.46071428571428563,0.05252691166153898,15
attention_vs_momentum_ic,2011-08-31,2,0.04175824175824176,-0.042851327741686526,14
attention_vs_momentum_ic,2011-08-31,3,0.03736263736263736,-0.046376469623113266,14
attention_vs_momentum_ic,2011-09-30,1,-0.4428571428571427,0.07364927274771163,15
attention_vs_momentum_ic,2011-09-30,2,-0.0857142857142857,0.19106014894800852,14
attention_vs_momentum_ic,2011-09-30,3,-0.3186813186813187,0.10427343578193324,14
attention_vs_momentum_ic,2011-10-31,1,-0.24395604395604395,-0.058559263758245064,14
attention_vs_momentum_ic,2011-10-31,2,-0.2857142857142857,-0.0012881764954717405,13
attention_vs_momentum_ic,2011-10-31,3,0.18681318681318684,-0.05449910773227385,14
attention_vs_momentum_ic,2011-11-30,1,-0.28571428571428564,-0.03599803425563037,15
attention_vs_momentum_ic,2011-11-30,2,-0.2879120879120879,0.10384959181316514,14
attention_vs_momentum_ic,2011-11-30,3,0.5252747252747253,0.06685628187463614,14
attention_vs_momentum_ic,2012-01-31,1,-0.09999999999999999,-0.07446905170180192,16
attention_vs_momentum_ic,2012-01-31,2,-0.049999999999999996,-0.05024475157404445,15
attention_vs_momentum_ic,2012-01-31,3,-0.16785714285714282,0.032810647671969694,15
attention_vs_momentum_ic,2012-02-29,1,0.05357142857142857,-0.042074648424004435,15
attention_vs_momentum_ic,2012-02-29,2,-0.4197802197802198,-0.09703041154751066,14
attention_vs_momentum_ic,2012-02-29,3,-0.09999999999999999,-0.025308856333768153,15
attention_vs_momentum_ic,2012-04-30,1,0.07647058823529412,-0.10582072179958435,16
attention_vs_momentum_ic,2012-04-30,2,-0.2285714285714285,-0.05001007437190424,15
attention_vs_momentum_ic,2012-04-30,3,0.0035714285714285704,0.10562207802653338,15
attention_vs_momentum_ic,2012-05-31,1,-0.20357142857142854,0.02108840910330208,15
attention_vs_momentum_ic,2012-05-31,2,-0.2923076923076923,-0.010088002860288372,14
attention_vs_momentum_ic,2012-05-31,3,-0.2351648351648352,0.2840303006936876,14
attention_vs_momentum_ic,2012-07-31,1,-0.6,-0.016651132362392223,14
attention_vs_momentum_ic,2012-07-31,2,0.16043956043956045,-0.05964296148517688,14
attention_vs_momentum_ic,2012-07-31,3,-0.04615384615384615,0.2595801804500925,14
attention_vs_momentum_ic,2012-08-31,1,-0.3571428571428571,0.021665842115366447,15
attention_vs_momentum_ic,2012-08-31,2,0.3054945054945055,-0.08568632967214743,14
attention_vs_momentum_ic,2012-08-31,3,0.007142857142857141,0.13967529139648077,15
attention_vs_momentum_ic,2012-10-31,1,0.3186813186813187,0.07811404865261415,14
attention_vs_momentum_ic,2012-10-31,2,-0.6043956043956044,-0.0188841936715848,14
attention_vs_momentum_ic,2012-10-31,3,-0.1912087912087912,0.11305419127721021,14
attention_vs_momentum_ic,2012-11-30,1,0.3802197802197802,0.10284814373060787,14
attention_vs_momentum_ic,2012-11-30,2,-0.1956043956043956,-0.09249869650946266,14
attention_vs_momentum_ic,2012-11-30,3,0.2175824175824176,0.16603460287614605,14
attention_vs_momentum_ic,2013-01-31,1,0.2175824175824176,-0.008503053307696684,14
attention_vs_momentum_ic,2013-01-31,2,-0.1540154947381952,-0.07813561804372902,14
attention_vs_momentum_ic,2013-01-31,3,-0.1384615384615385,-0.014257752462700684,14
attention_vs_momentum_ic,2013-02-28,1,0.14285714285714285,-0.014373235360764205,14
attention_vs_momentum_ic,2013-02-28,2,-0.07692307692307691,-0.15133826443902587,13
attention_vs_momentum_ic,2013-02-28,3,0.16483516483516483,0.01655011034850926,13
attention_vs_momentum_ic,2013-04-30,1,0.03736263736263736,0.05622743166360309,14
attention_vs_momentum_ic,2013-04-30,2,0.1164835164835165,-0.03422544520875877,14
attention_vs_momentum_ic,2013-04-30,3,-0.1252747252747253,0.1519175656946063,14
attention_vs_momentum_ic,2013-05-31,1,0.054945054945054944,0.013590346173351047,14
attention_vs_momentum_ic,2013-05-31,2,0.09890109890109891,-0.07568762749435207,13
attention_vs_momentum_ic,2013-05-31,3,0.2571428571428571,0.12526541197686775,14
attention_vs_momentum_ic,2013-07-31,1,-0.16483516483516483,0.03432635099585204,14
attention_vs_momentum_ic,2013-07-31,2,0.03736263736263736,0.004553204572344816,14
attention_vs_momentum_ic,2013-07-31,3,-0.059340659340659345,0.11256639897953002,14
attention_vs_momentum_ic,2013-09-30,1,-0.15357142857142855,-0.08800823763236607,15
attention_vs_momentum_ic,2013-09-30,2,-0.0964285714285714,-0.05649462070409242,15
attention_vs_momentum_ic,2013-09-30,3,0.16785714285714282,0.1761369079063513,15
attention_vs_momentum_ic,2013-10-31,1,0.3274725274725274,-0.053781113311544906,14
attention_vs_momentum_ic,2013-10-31,2,-0.3758241758241759,-0.10527127095828741,14
attention_vs_momentum_ic,2013-10-31,3,-0.03300332030104183,0.14686233152127995,14
attention_vs_momentum_ic,2014-02-28,1,0.5384615384615385,-0.08129131257028807,14
attention_vs_momentum_ic,2014-02-28,2,0.3516483516483516,0.02310345259644235,13
attention_vs_momentum_ic,2014-02-28,3,0.23956043956043957,0.15374519177811938,14
attention_vs_momentum_ic,2014-03-31,1,0.2928571428571428,-0.08542681116155663,15
attention_vs_momentum_ic,2014-03-31,2,0.2087912087912088,0.043857613467642546,14
attention_vs_momentum_ic,2014-03-31,3,0.4892857142857142,0.12039923403808112,15
attention_vs_momentum_ic,2014-04-30,1,0.035714285714285705,-0.05402504789438708,15
attention_vs_momentum_ic,2014-04-30,2,0.054945054945054944,0.15400547810977624,14
attention_vs_momentum_ic,2014-04-30,3,0.4642857142857142,0.16999846480673905,15
attention_vs_momentum_ic,2014-06-30,1,0.2678571428571428,-0.050898079203269934,15
attention_vs_momentum_ic,2014-06-30,2,0.3362637362637363,-0.022838123449693652,14
attention_vs_momentum_ic,2014-06-30,3,0.39999999999999997,0.07755006915290566,15
attention_vs_momentum_ic,2014-07-31,1,0.5823529411764706,-0.14202735522182985,16
attention_vs_momentum_ic,2014-07-31,2,0.3428571428571428,-0.12502577022607478,15
attention_vs_momentum_ic,2014-07-31,3,0.08214285714285713,0.10941532976648351,15
attention_vs_momentum_ic,2014-09-30,1,0.23571428571428568,-0.10766809486041673,15
attention_vs_momentum_ic,2014-09-30,2,0.002197802197802198,-0.1504642063140222,14
attention_vs_momentum_ic,2014-09-30,3,0.3274725274725274,-0.05150777055292351,14
attention_vs_momentum_ic,2014-10-31,1,-0.1607142857142857,-0.017435060279695554,15
attention_vs_momentum_ic,2014-10-31,2,0.14285714285714282,-0.07529689434998785,15
attention_vs_momentum_ic,2014-10-31,3,0.30357142857142855,0.048919303100060305,15
attention_vs_momentum_ic,2015-03-31,1,-0.32598039215686275,-0.04082784281956989,17
attention_vs_momentum_ic,2015-03-31,2,-0.1647058823529412,-0.16074802583468534,16
attention_vs_momentum_ic,2015-03-31,3,0.4294117647058823,0.03001118326678827,16
attention_vs_momentum_ic,2015-04-30,1,-0.5705882352941177,-0.06321157054130944,16
attention_vs_momentum_ic,2015-04-30,2,0.2714285714285714,-0.15511039768693724,15
attention_vs_momentum_ic,2015-04-30,3,0.13823529411764704,-0.02094851955335235,16
attention_vs_momentum_ic,2015-06-30,1,-0.4093137254901961,-0.03151823179676204,17
attention_vs_momentum_ic,2015-06-30,2,0.0058823529411764705,-0.15862219713932774,16
attention_vs_momentum_ic,2015-06-30,3,0.4338235294117647,-0.03273281503716223,17
attention_vs_momentum_ic,2015-07-31,1,-0.18627450980392157,0.04405279207755896,17
attention_vs_momentum_ic,2015-07-31,2,0.049999999999999996,-0.011329412454042245,16
attention_vs_momentum_ic,2015-07-31,3,0.014705882352941175,0.012520770632757944,16
attention_vs_momentum_ic,2015-08-31,1,-0.21764705882352942,0.12656264238758264,16
attention_vs_momentum_ic,2015-08-31,2,-0.3607142857142856,0.05454938610531667,15
attention_vs_momentum_ic,2015-08-31,3,-0.16428571428571426,0.12145332381845923,15
attention_vs_momentum_ic,2015-09-30,1,-0.27941176470588236,0.13260414678359567,16
attention_vs_momentum_ic,2015-09-30,2,-0.1607142857142857,0.004399100480145727,15
attention_vs_momentum_ic,2015-09-30,3,-0.12058823529411765,0.07608773849963338,16
attention_vs_momentum_ic,2015-11-30,1,-0.45833333333333337,0.0840079090494913,17
attention_vs_momentum_ic,2015-11-30,2,-0.10294117647058824,-0.02867517863850788,16
attention_vs_momentum_ic,2015-11-30,3,-0.03186274509803922,-0.07261063488916057,17
attention_vs_momentum_ic,2016-02-29,1,-0.27450980392156865,0.21860799241854859,17
attention_vs_momentum_ic,2016-02-29,2,0.21176470588235297,0.13637359239025618,16
attention_vs_momentum_ic,2016-02-29,3,0.12009803921568628,0.025363511116156683,17
attention_vs_momentum_ic,2016-03-31,1,0.09068627450980393,0.1972381400682729,17
attention_vs_momentum_ic,2016-03-31,2,0.16764705882352943,0.08287010687524407,16
attention_vs_momentum_ic,2016-03-31,3,-0.007352941176470588,0.04200965855922413,17
attention_vs_momentum_ic,2016-05-31,1,-0.008823529411764706,0.2714975207855563,16
attention_vs_momentum_ic,2016-05-31,2,0.0857142857142857,0.18697938906190187,15
attention_vs_momentum_ic,2016-05-31,3,0.13928571428571426,0.10444523107837876,15
attention_vs_momentum_ic,2016-06-30,1,0.049999999999999996,0.30316488166823463,16
attention_vs_momentum_ic,2016-06-30,2,-0.09117647058823529,0.3614744328270253,16
attention_vs_momentum_ic,2016-06-30,3,-0.05294117647058824,0.21885512624173795,16
attention_vs_momentum_ic,2016-08-31,1,0.02450980392156863,0.18395643534526393,17
attention_vs_momentum_ic,2016-08-31,2,0.18823529411764706,0.337999047873303,16
attention_vs_momentum_ic,2016-08-31,3,-0.19117647058823534,0.15400157694283764,17
attention_vs_momentum_ic,2016-09-30,1,0.08333333333333334,0.21736363272631368,17
attention_vs_momentum_ic,2016-09-30,2,0.18529411764705883,0.2745583314582497,16
attention_vs_momentum_ic,2016-09-30,3,-0.3029411764705882,0.22954915642360058,16
attention_vs_momentum_ic,2016-10-31,1,0.08333333333333334,0.23130202788997606,17
attention_vs_momentum_ic,2016-10-31,2,0.12352941176470587,0.3096772154830875,16
attention_vs_momentum_ic,2016-10-31,3,-0.12009803921568628,0.3187770413871074,17
attention_vs_momentum_ic,2016-11-30,1,0.30147058823529416,0.21067090082370735,17
attention_vs_momentum_ic,2016-11-30,2,-0.48774509803921573,0.3321735030608403,17
attention_vs_momentum_ic,2016-11-30,3,-0.2132352941176471,0.49654291016065777,17
attention_vs_momentum_ic,2017-01-31,1,0.4676470588235294,0.18924809850317528,16
attention_vs_momentum_ic,2017-01-31,2,0.1357142857142857,0.2579593565700586,15
attention_vs_momentum_ic,2017-01-31,3,0.4357142857142856,0.6183078345767511,15
attention_vs_momentum_ic,2017-02-28,1,0.6299019607843138,0.07594852946958651,17
attention_vs_momentum_ic,2017-02-28,2,0.09117647058823529,0.08451664535814105,16
attention_vs_momentum_ic,2017-02-28,3,0.39362361782306693,0.5131571303970192,17
attention_vs_momentum_ic,2017-03-31,1,0.6887254901960785,0.05445792880041172,17
attention_vs_momentum_ic,2017-03-31,2,0.25588235294117645,0.04017627156290147,16
attention_vs_momentum_ic,2017-03-31,3,-0.008583692600503018,0.5308239919813454,17
attention_vs_momentum_ic,2017-05-31,1,0.698529411764706,0.015087047960200668,17
attention_vs_momentum_ic,2017-05-31,2,0.23823529411764705,0.021618223731676947,16
attention_vs_momentum_ic,2017-05-31,3,0.1936274509803922,0.3176203642728277,17
attention_vs_momentum_ic,2017-06-30,1,0.8575851393188855,-0.08393279973082592,18
attention_vs_momentum_ic,2017-06-30,2,-0.11274509803921569,-0.05988644640312508,17
attention_vs_momentum_ic,2017-06-30,3,0.15995872033023736,0.19946440841761676,18
attention_vs_momentum_ic,2017-07-31,1,0.4674922600619195,-0.0765171433912502,18
attention_vs_momentum_ic,2017-07-31,2,0.6446078431372549,-0.05085287867102968,17
attention_vs_momentum_ic,2017-07-31,3,-0.04166666666666667,0.209039450749887,17
attention_vs_momentum_ic,2017-08-31,1,0.6666666666666667,-0.05228879132061972,17
attention_vs_momentum_ic,2017-08-31,2,0.2029411764705882,-0.07616501857918109,16
attention_vs_momentum_ic,2017-08-31,3,-0.13480392156862747,0.1799095962190754,17
attention_vs_momentum_ic,2017-10-31,1,0.4911764705882353,-0.22174211641478878,16
attention_vs_momentum_ic,2017-10-31,2,0.0029411764705882353,-0.15221561731395142,16
attention_vs_momentum_ic,2017-10-31,3,0.1323529411764706,-0.04841998002456798,16
attention_vs_momentum_ic,2017-11-30,1,0.4303405572755417,-0.19242938477678062,18
attention_vs_momentum_ic,2017-11-30,2,-0.2714138286893705,-0.11284158102398331,18
attention_vs_momentum_ic,2017-11-30,3,-0.18885448916408668,-0.02319571706792113,18
attention_vs_momentum_ic,2018-01-31,1,0.04437564499484004,-0.17005512540120427,18
attention_vs_momentum_ic,2018-01-31,2,-0.28186274509803927,-0.08919545469817743,17
attention_vs_momentum_ic,2018-01-31,3,-0.500515995872033,-0.1046716651393518,18
attention_vs_momentum_ic,2018-02-28,1,-0.16408668730650156,-0.11675074822285568,18
attention_vs_momentum_ic,2018-02-28,2,-0.1929824561403509,-0.0014330286319363455,18
attention_vs_momentum_ic,2018-02-28,3,-0.5583075335397317,-0.05655748840218062,18
attention_vs_momentum_ic,2018-04-30,1,-0.40763673890608876,-0.10645202121766584,18
attention_vs_momentum_ic,2018-04-30,2,-0.5892672858617131,-0.1023822084269956,18
attention_vs_momentum_ic,2018-04-30,3,0.03199174406604747,-0.13091042501143735,18
attention_vs_momentum_ic,2018-05-31,1,-0.26715686274509803,-0.19602220219171937,17
attention_vs_momentum_ic,2018-05-31,2,-0.55,-0.16329519070604726,16
attention_vs_momentum_ic,2018-05-31,3,-0.19411764705882353,-0.133989425648666,16
attention_vs_momentum_ic,2018-07-31,1,0.13519091847265222,-0.12837499344160558,18
attention_vs_momentum_ic,2018-07-31,2,-0.46323529411764713,-0.13558284049509867,17
attention_vs_momentum_ic,2018-07-31,3,0.014705882352941176,-0.12445361229996817,17
attention_vs_momentum_ic,2018-08-31,1,-0.019607843137254905,-0.10513227339406657,17
attention_vs_momentum_ic,2018-08-31,2,-0.5205882352941177,-0.19783700044108948,16
attention_vs_momentum_ic,2018-08-31,3,0.26176470588235295,-0.12963386573822222,16
attention_vs_momentum_ic,2018-10-31,1,0.3970588235294118,0.03548372129738824,17
attention_vs_momentum_ic,2018-10-31,2,-0.24019607843137256,-0.03446622557175569,17
attention_vs_momentum_ic,2018-10-31,3,-0.31617647058823534,-0.05949814441416426,17
attention_vs_momentum_ic,2018-11-30,1,0.42414860681114547,-0.011706428513156416,18
attention_vs_momentum_ic,2018-11-30,2,-0.37009803921568635,-0.058196688821699115,17
attention_vs_momentum_ic,2018-11-30,3,0.07598039215686275,-0.07575798244310926,17
attention_vs_momentum_ic,2019-01-31,1,0.2323529411764706,-0.05448175108501517,16
attention_vs_momentum_ic,2019-01-31,2,-0.5504917300937499,-0.11925579829254515,15
attention_vs_momentum_ic,2019-01-31,3,-0.08823529411764705,-0.056858776592879814,16
attention_vs_momentum_ic,2019-02-28,1,-0.3085655314757482,-0.13654447735080955,18
attention_vs_momentum_ic,2019-02-28,2,-0.34313725490196084,-0.19469081376845554,17
attention_vs_momentum_ic,2019-02-28,3,0.13970588235294118,-0.09668242296667957,17
attention_vs_momentum_ic,2019-04-30,1,0.009287925696594427,-0.1794219304842309,18
attention_vs_momentum_ic,2019-04-30,2,-0.22058823529411767,-0.22811142385263833,17
attention_vs_momentum_ic,2019-04-30,3,0.3023735810113519,-0.17144189565340615,18
attention_vs_momentum_ic,2019-05-31,1,0.06707946336429307,-0.0582682342139047,18
attention_vs_momentum_ic,2019-05-31,2,-0.12500000000000003,-0.08643555778377247,17
attention_vs_momentum_ic,2019-05-31,3,-0.2720588235294118,-0.16556977413323137,17
attention_vs_momentum_ic,2019-07-31,1,-0.4220846233230134,0.10252117749620387,18
attention_vs_momentum_ic,2019-07-31,2,0.1985294117647059,-0.0205523992272306,17
attention_vs_momentum_ic,2019-07-31,3,-0.5808823529411765,0.7655649154882821,17
attention_vs_momentum_ic,2019-09-30,1,-0.31475748194014447,0.1305964883850429,18
attention_vs_momentum_ic,2019-09-30,2,-0.08359133126934985,-0.04702669905420904,18
attention_vs_momentum_ic,2019-09-30,3,-0.7131062951496387,0.6993555407154431,18
attention_vs_momentum_ic,2019-10-31,1,-0.2843137254901961,0.16449278173755139,17
attention_vs_momentum_ic,2019-10-31,2,0.23823529411764705,-0.05526819680549754,16
attention_vs_momentum_ic,2019-10-31,3,-0.5441176470588236,0.5386430866425681,17
attention_vs_momentum_ic,2020-01-31,1,0.03859649122807017,0.38611740791038374,19
attention_vs_momentum_ic,2020-01-31,2,0.4303405572755417,0.28546692921078637,18
attention_vs_momentum_ic,2020-01-31,3,0.42105263157894735,0.9788947009905801,19
attention_vs_momentum_ic,2020-03-31,1,-0.45964912280701753,1.0212092808335402,19
attention_vs_momentum_ic,2020-03-31,2,0.14344685242518057,1.1242558210993774,18
attention_vs_momentum_ic,2020-03-31,3,0.0912280701754386,1.4935257585517108,19
attention_vs_momentum_ic,2020-06-30,1,-0.6175438596491227,0.9385830034441287,19
attention_vs_momentum_ic,2020-06-30,2,-0.21403508771929824,0.49333233662760295,19
attention_vs_momentum_ic,2020-06-30,3,-0.18947368421052632,1.029031389748674,19
attention_vs_momentum_ic,2020-07-31,1,-0.07017543859649124,0.6035810859835982,19
attention_vs_momentum_ic,2020-07-31,2,0.23333333333333334,0.7215380299712153,19
attention_vs_momentum_ic,2020-07-31,3,0.0543859649122807,0.9353590903702835,19
attention_vs_momentum_ic,2020-08-31,1,-0.13533834586466165,0.5102404889894435,20
attention_vs_momentum_ic,2020-08-31,2,0.05002194426263209,0.6708161395420396,19
attention_vs_momentum_ic,2020-08-31,3,0.02631578947368421,0.8699381976919164,19
attention_vs_momentum_ic,2020-11-30,1,0.014035087719298246,0.2165111571138431,19
attention_vs_momentum_ic,2020-11-30,2,-0.35397316821465424,0.08897407569132813,18
attention_vs_momentum_ic,2020-11-30,3,-0.2549019607843137,0.5760863176420621,18
attention_vs_momentum_ic,2021-03-31,1,-0.2175438596491228,0.10086936631667039,19
attention_vs_momentum_ic,2021-03-31,2,0.04385964912280702,0.016268836751933195,19
attention_vs_momentum_ic,2021-03-31,3,0.14912280701754385,0.18498840429029578,19
attention_vs_momentum_ic,2021-04-30,1,0.017543859649122806,0.037820516087853,18
attention_vs_momentum_ic,2021-04-30,2,-0.31888544891640863,-9.83021478186531e-05,18
attention_vs_momentum_ic,2021-04-30,3,0.009287925696594427,0.11013733878091272,18
attention_vs_momentum_ic,2021-05-31,1,0.18596491228070175,-0.02758501661735067,19
attention_vs_momentum_ic,2021-05-31,2,-0.11929824561403508,-0.025113876832331596,19
attention_vs_momentum_ic,2021-05-31,3,0.30350877192982456,0.12987322802248338,19
attention_vs_momentum_ic,2021-06-30,1,0.32280701754385965,-0.12373517321329727,19
attention_vs_momentum_ic,2021-06-30,2,-0.24664602683178533,-0.09844977186610558,18
attention_vs_momentum_ic,2021-06-30,3,0.14736842105263157,-0.04474054333277084,19
attention_vs_momentum_ic,2021-08-31,1,0.6195488721804511,-0.006177493503573705,20
attention_vs_momentum_ic,2021-08-31,2,0.09473684210526316,-0.07304345807717735,19
attention_vs_momentum_ic,2021-08-31,3,0.39824561403508774,-0.05099354710636712,19
attention_vs_momentum_ic,2021-09-30,1,0.38245614035087716,-0.1382541570071425,19
attention_vs_momentum_ic,2021-09-30,2,-0.13725490196078433,-0.1810860058599544,18
attention_vs_momentum_ic,2021-09-30,3,0.15995872033023736,-0.18240079178899504,18
attention_vs_momentum_ic,2021-11-30,1,-0.30443756449948395,0.06048121006221005,18
attention_vs_momentum_ic,2021-11-30,2,0.13235294117647062,0.03349448212381925,17
attention_vs_momentum_ic,2021-11-30,3,0.24664602683178533,0.01450510529135325,18
attention_vs_momentum_ic,2022-02-28,1,-0.5526315789473685,0.16254832220240567,19
attention_vs_momentum_ic,2022-02-28,2,-0.49638802889576883,-0.035413991764289075,18
attention_vs_momentum_ic,2022-02-28,3,0.31052631578947365,0.1488201905018612,19
attention_vs_momentum_ic,2022-03-31,1,-0.21954887218045113,-0.04780722067291322,20
attention_vs_momentum_ic,2022-03-31,2,-0.39473684210526316,-0.004786182614152318,19
attention_vs_momentum_ic,2022-03-31,3,-0.05714285714285714,0.4667804797136035,20
attention_vs_momentum_ic,2022-05-31,1,-0.1948051948051948,-0.008639174792088226,21
attention_vs_momentum_ic,2022-05-31,2,-0.5729323308270676,0.04742485419625262,20
attention_vs_momentum_ic,2022-05-31,3,-0.045454545454545456,0.5609174007113614,21
attention_vs_momentum_ic,2022-06-30,1,-0.32280701754385965,0.12490575148310905,19
attention_vs_momentum_ic,2022-06-30,2,-0.0912280701754386,0.16341104330674366,19
attention_vs_momentum_ic,2022-06-30,3,0.19298245614035087,0.9949773296726928,19
attention_vs_momentum_ic,2022-08-31,1,-0.2987012987012987,-0.004358366637069524,21
attention_vs_momentum_ic,2022-08-31,2,-0.0012987012987012987,0.46907551496361966,21
attention_vs_momentum_ic,2022-08-31,3,0.2155844155844156,1.1644307706303023,21
attention_vs_momentum_ic,2022-09-30,1,-0.3759398496240601,0.15026031228667153,20
attention_vs_momentum_ic,2022-09-30,2,-0.11879699248120301,0.8012980622379942,20
attention_vs_momentum_ic,2022-09-30,3,0.24962406015037594,0.9404246969610188,20
attention_vs_momentum_ic,2022-10-31,1,-0.24025974025974026,0.028621570045418605,21
attention_vs_momentum_ic,2022-10-31,2,-0.19999999999999998,0.5344088642694291,20
attention_vs_momentum_ic,2022-10-31,3,0.09924812030075188,0.6294311536461529,20
attention_vs_momentum_ic,2022-11-30,1,-0.2,0.07132201992904165,21
attention_vs_momentum_ic,2022-11-30,2,0.06466165413533834,0.43251431684525465,20
attention_vs_momentum_ic,2022-11-30,3,0.2701298701298701,0.8337049111407899,21
attention_vs_momentum_ic,2023-01-31,1,-0.13684210526315788,0.20269229426269614,20
attention_vs_momentum_ic,2023-01-31,2,0.15438596491228068,0.05187155901711323,19
attention_vs_momentum_ic,2023-01-31,3,0.3245614035087719,0.8136573134524676,19
attention_vs_momentum_ic,2023-02-28,1,-0.09774436090225563,0.29890487913494457,20
attention_vs_momentum_ic,2023-02-28,2,0.08421052631578947,0.47377386935325316,19
attention_vs_momentum_ic,2023-02-28,3,0.437593984962406,0.44442058572227233,20
attention_vs_momentum_ic,2023-03-31,1,-0.09649122807017543,0.37909130500254157,19
attention_vs_momentum_ic,2023-03-31,2,0.12280701754385966,0.36017825682811766,19
attention_vs_momentum_ic,2023-03-31,3,0.1736842105263158,0.8375852633458978,19
attention_vs_momentum_ic,2023-05-31,1,0.20909090909090908,0.34055933146143436,21
attention_vs_momentum_ic,2023-05-31,2,0.5774436090225563,0.3349374878197908,20
attention_vs_momentum_ic,2023-05-31,3,0.003007518796992481,0.817142740413974,20
attention_vs_momentum_ic,2023-06-30,1,0.20601503759398496,0.4528334119728449,20
attention_vs_momentum_ic,2023-06-30,2,0.28596491228070176,0.2699985754048095,19
attention_vs_momentum_ic,2023-06-30,3,-0.09473684210526315,0.6296598315063847,20
attention_vs_momentum_ic,2023-07-31,1,0.3969924812030075,0.604333691307288,20
attention_vs_momentum_ic,2023-07-31,2,0.18646616541353384,0.11844020647675682,20
attention_vs_momentum_ic,2023-07-31,3,-0.20300751879699244,0.24749215791361862,20
attention_vs_momentum_ic,2023-08-31,1,0.47218045112781953,0.4993360112982497,20
attention_vs_momentum_ic,2023-08-31,2,0.16666666666666666,0.04763990106383392,19
attention_vs_momentum_ic,2023-08-31,3,-0.30977443609022554,0.2921779239258267,20
attention_vs_momentum_ic,2023-10-31,1,0.21353383458646616,0.49642460927375714,20
attention_vs_momentum_ic,2023-10-31,2,0.15614035087719297,0.26712675913563627,19
attention_vs_momentum_ic,2023-10-31,3,0.4508771929824561,0.635180364787117,19
attention_vs_momentum_ic,2023-11-30,1,0.47067669172932325,0.3071373590792995,20
attention_vs_momentum_ic,2023-11-30,2,0.05263157894736842,0.13865333428469437,19
attention_vs_momentum_ic,2023-11-30,3,0.26491228070175443,0.38587873550196344,19
attention_vs_momentum_ic,2024-01-31,1,-0.15789473684210528,0.536001606046613,19
attention_vs_momentum_ic,2024-01-31,2,0.16408668730650156,0.1670521516859995,18
attention_vs_momentum_ic,2024-01-31,3,0.4859649122807017,0.5619989547810382,19
attention_vs_momentum_ic,2024-02-29,1,-0.14912280701754385,0.383853226319159,19
attention_vs_momentum_ic,2024-02-29,2,-0.017543859649122806,0.1808545889880807,18
attention_vs_momentum_ic,2024-02-29,3,0.3017543859649123,0.45285835462612817,19
attention_vs_momentum_ic,2024-04-30,1,0.1824561403508772,0.3134598721431388,19
attention_vs_momentum_ic,2024-04-30,2,0.49638802889576883,0.23840128929381882,18
attention_vs_momentum_ic,2024-04-30,3,0.4901960784313726,0.22138812509077713,18
attention_vs_momentum_ic,2024-05-31,1,0.28120300751879695,0.4480229279118448,20
attention_vs_momentum_ic,2024-05-31,2,0.5684210526315789,0.20960206674238444,19
attention_vs_momentum_ic,2024-05-31,3,0.10375939849624059,0.599277096177235,20
attention_vs_momentum_ic,2024-07-31,1,0.5067669172932331,0.7296605633943447,20
attention_vs_momentum_ic,2024-07-31,2,0.4666666666666667,0.26649583827758994,19
attention_vs_momentum_ic,2024-07-31,3,0.41052631578947363,0.7374833477527972,20
attention_vs_momentum_ic,2024-09-30,1,0.20751879699248119,0.8357567874762204,20
attention_vs_momentum_ic,2024-09-30,2,0.5280701754385965,0.3602165158638875,19
attention_vs_momentum_ic,2024-09-30,3,0.4360902255639097,0.8794143137954235,20
attention_vs_momentum_ic,2024-10-31,1,0.24360902255639094,1.1302985496108096,20
attention_vs_momentum_ic,2024-10-31,2,-0.12030075187969923,0.8301882074917181,20
attention_vs_momentum_ic,2024-10-31,3,0.14285714285714285,1.1616740270754267,20
attention_vs_momentum_ic,2025-01-31,1,-0.033766233766233764,1.5422097429377348,21
attention_vs_momentum_ic,2025-01-31,2,0.17593984962406017,0.8248183280629414,20
attention_vs_momentum_ic,2025-01-31,3,-0.12932330827067667,1.2985033197345965,20
attention_vs_momentum_ic,2025-02-28,1,0.022077922077922082,1.944380655096185,21
attention_vs_momentum_ic,2025-02-28,2,0.26616541353383455,1.4769922139656935,20
attention_vs_momentum_ic,2025-02-28,3,0.010526315789473682,1.687690666052284,20
attention_vs_momentum_ic,2025-03-31,1,0.2727272727272727,1.3770830573482182,21
attention_vs_momentum_ic,2025-03-31,2,-0.10225563909774435,1.1436320694343016,20
attention_vs_momentum_ic,2025-03-31,3,0.06883116883116883,1.2734290659899183,21
attention_vs_momentum_ic,2025-04-30,1,0.059740259740259746,2.2310439854948343,21
attention_vs_momentum_ic,2025-04-30,2,0.12180451127819547,1.608612617296765,20
attention_vs_momentum_ic,2025-04-30,3,0.14285714285714285,1.7032386190781095,21
