date,variant,net_return,holdings,excluded_suspended
1999-12-28,unfiltered,0.05029475028906303,50,0
1999-12-28,suspension_screened,0.05029475028906303,50,0
2000-01-31,unfiltered,0.07289068387608726,50,8
2000-01-31,suspension_screened,0.08010889797403224,50,8
2000-02-29,unfiltered,0.39507601940653514,50,3
2000-02-29,suspension_screened,0.398165733090147,50,3
2000-03-31,unfiltered,-0.01169987962462861,50,28
2000-03-31,suspension_screened,-0.045870569460847416,50,28
2000-04-28,unfiltered,-0.1463131875497654,50,41
2000-04-28,suspension_screened,-0.14956788183074768,50,41
2000-05-31,unfiltered,-0.03238995806472,50,6
2000-05-31,suspension_screened,-0.030039789730823677,50,6
2000-06-30,unfiltered,0.18214143233210314,50,4
2000-06-30,suspension_screened,0.18214143233210314,50,4
2000-07-31,unfiltered,0.6024624552137279,50,4
2000-07-31,suspension_screened,0.5933042767082061,50,4
2000-08-31,unfiltered,-0.05763879685770679,50,8
2000-08-31,suspension_screened,-0.05763879685770679,50,8
2000-09-29,unfiltered,-0.2334115126038984,50,4
2000-09-29,suspension_screened,-0.2334115126038984,50,4
2000-10-31,unfiltered,0.20059333665997717,50,12
2000-10-31,suspension_screened,0.16471761110420724,50,12
2000-11-30,unfiltered,-0.07905184358223694,50,7
2000-11-30,suspension_screened,-0.10038140702547398,50,7
2000-12-26,unfiltered,0.2804971190362898,50,14
2000-12-26,suspension_screened,0.2804971190362898,50,14
2001-01-31,unfiltered,0.18604491233731335,50,6
2001-01-31,suspension_screened,0.20168944574904157,50,6
2001-02-28,unfiltered,-0.043704981786715655,50,8
2001-02-28,suspension_screened,-0.045812886889204665,50,8
2001-03-30,unfiltered,0.02276793335277191,50,4
2001-03-30,suspension_screened,0.015776700742226313,50,4
2001-04-30,unfiltered,0.21059334699817808,50,21
2001-04-30,suspension_screened,0.21198278073598645,50,21
2001-05-31,unfiltered,0.07097893180441078,50,7
2001-05-31,suspension_screened,0.0906207466664915,50,7
2001-06-29,unfiltered,0.0254032891837915,50,7
2001-06-29,suspension_screened,0.024327152375766336,50,7
2001-07-31,unfiltered,0.12347079334538665,50,5
2001-07-31,suspension_screened,0.13131350479288328,50,5
2001-08-31,unfiltered,-0.23364721152411252,50,6
2001-08-31,suspension_screened,-0.23364721152411252,50,6
2001-09-28,unfiltered,0.2774830415018726,50,9
2001-09-28,suspension_screened,0.2894626183843036,50,9
2001-10-31,unfiltered,0.07529547124064676,50,7
2001-10-31,suspension_screened,0.07529547124064676,50,7
2001-11-30,unfiltered,-0.07810907967756232,50,17
2001-11-30,suspension_screened,-0.0839267220023089,50,17
2001-12-28,unfiltered,0.09631789915237776,50,15
2001-12-28,suspension_screened,0.07341955337755267,50,15
2002-01-31,unfiltered,-0.16188348299085925,50,9
2002-01-31,suspension_screened,-0.13157138597423831,50,9
2002-02-28,unfiltered,-0.014052657660535737,50,7
2002-02-28,suspension_screened,0.0022057705869831714,50,7
2002-03-29,unfiltered,0.05601630996755354,50,29
2002-03-29,suspension_screened,0.07268826269504697,50,29
2002-04-30,unfiltered,0.15104818322964386,50,12
2002-04-30,suspension_screened,0.17742268047138432,50,12
2002-05-31,unfiltered,-0.1012309977980698,50,5
2002-05-31,suspension_screened,-0.09221338383054072,50,5
2002-06-28,unfiltered,0.07295050432959357,50,9
2002-06-28,suspension_screened,0.09678776704706193,50,9
2002-07-31,unfiltered,0.030909783449334816,50,3
2002-07-31,suspension_screened,0.047425433588070706,50,3
2002-08-30,unfiltered,-0.15083287977006563,50,2
2002-08-30,suspension_screened,-0.1510572445714763,50,2
2002-09-30,unfiltered,0.1322398943984996,50,11
2002-09-30,suspension_screened,0.15066788152491065,50,11
2002-10-31,unfiltered,0.04217838759923534,50,9
2002-10-31,suspension_screened,0.01992665293427357,50,9
2002-11-29,unfiltered,-0.08360770466584866,50,5
2002-11-29,suspension_screened,-0.0804453518479104,50,5
2002-12-30,unfiltered,0.07089684995542125,50,15
2002-12-30,suspension_screened,0.09005621954217574,50,15
2003-01-30,unfiltered,0.046682504761291294,50,4
2003-01-30,suspension_screened,0.03894797810447422,50,4
2003-02-28,unfiltered,-0.15600228583127196,50,9
2003-02-28,suspension_screened,-0.17160687189818802,50,9
2003-03-31,unfiltered,0.16564247698782095,50,14
2003-03-31,suspension_screened,0.21142712393945812,50,14
2003-04-30,unfiltered,0.05267741840829734,50,12
2003-04-30,suspension_screened,0.07175594598034822,50,12
2003-05-30,unfiltered,0.1111218711438055,50,2
2003-05-30,suspension_screened,0.1111218711438055,50,2
2003-06-30,unfiltered,0.06867836902838814,50,7
2003-06-30,suspension_screened,0.06870982919436058,50,7
2003-07-31,unfiltered,-0.11929222311001046,50,8
2003-07-31,suspension_screened,-0.11929222311001046,50,8
2003-08-29,unfiltered,0.025861681400864315,50,15
2003-08-29,suspension_screened,0.042482331996709574,50,15
2003-09-30,unfiltered,-0.0024752822893778226,50,6
2003-09-30,suspension_screened,-0.008708378941713576,50,6
2003-10-31,unfiltered,-0.00650294096037995,50,13
2003-10-31,suspension_screened,-0.009908354013304596,50,13
2003-11-28,unfiltered,0.04154434592240395,50,4
2003-11-28,suspension_screened,0.05287642879626143,50,4
2003-12-30,unfiltered,-0.007347353502954607,50,8
2003-12-30,suspension_screened,-0.007145639635705445,50,8
2004-01-30,unfiltered,-0.050701602961311494,50,7
2004-01-30,suspension_screened,-0.059805055620069825,50,7
2004-02-27,unfiltered,-0.06612198989587231,50,22
2004-02-27,suspension_screened,-0.06592710555607303,50,22
2004-03-31,unfiltered,0.046527009677895505,50,39
2004-03-31,suspension_screened,0.13455949702887252,50,39
2004-04-30,unfiltered,-0.04460394513531658,50,24
2004-04-30,suspension_screened,-0.03299525671839489,50,24
2004-05-31,unfiltered,0.088259710973294,50,9
2004-05-31,suspension_screened,0.06706285718929313,50,9
2004-06-30,unfiltered,-0.1323452024242012,50,10
2004-06-30,suspension_screened,-0.13322000363547706,50,10
2004-07-30,unfiltered,0.02954817702786749,50,6
2004-07-30,suspension_screened,0.03732549413923644,50,6
2004-08-31,unfiltered,0.002620782979453666,50,7
2004-08-31,suspension_screened,-0.001170571340796141,50,7
2004-09-30,unfiltered,0.032042003290463285,50,19
2004-09-30,suspension_screened,0.07490908619416706,50,19
2004-10-29,unfiltered,0.2319895678448198,50,6
2004-10-29,suspension_screened,0.2322774732048464,50,6
2004-11-30,unfiltered,-0.020508526326046286,50,11
2004-11-30,suspension_screened,-0.014483507186299104,50,11
2004-12-30,unfiltered,0.39980287299447,50,10
2004-12-30,suspension_screened,0.3964582794918488,50,10
2005-01-31,unfiltered,0.11150034896882523,50,5
2005-01-31,suspension_screened,0.10265735001629181,50,5
2005-02-28,unfiltered,-0.1308801353762714,50,25
2005-02-28,suspension_screened,-0.078009788206069,50,25
2005-03-31,unfiltered,0.0876780084214157,50,24
2005-03-31,suspension_screened,0.09382351267757702,50,24
2005-04-29,unfiltered,0.2713900970147625,50,15
2005-04-29,suspension_screened,0.2894434528114626,50,15
2005-05-31,unfiltered,0.3379050155354738,50,10
2005-05-31,suspension_screened,0.32622303009571957,50,10
2005-06-30,unfiltered,0.15680360536120821,50,7
2005-06-30,suspension_screened,0.18085197587234092,50,7
2005-07-29,unfiltered,-0.05000543316337917,50,10
2005-07-29,suspension_screened,-0.04739717955919641,50,10
2005-08-31,unfiltered,0.13769055562191296,50,5
2005-08-31,suspension_screened,0.14214247778945058,50,5
2005-09-30,unfiltered,0.21777656601747808,50,7
2005-09-30,suspension_screened,0.21921418264371242,50,7
2005-10-31,unfiltered,0.2978444281359161,50,10
2005-10-31,suspension_screened,0.3078069951854164,50,10
2005-11-30,unfiltered,0.10884441256064653,50,13
2005-11-30,suspension_screened,0.10144253070488449,50,13
2005-12-29,unfiltered,0.10919096996518558,50,9
2005-12-29,suspension_screened,0.08025811947489268,50,9
2006-01-31,unfiltered,0.07498873978635505,50,1
2006-01-31,suspension_screened,0.05377130915589917,50,1
2006-02-28,unfiltered,0.11073164866352751,50,19
2006-02-28,suspension_screened,0.10069480051786878,50,19
2006-03-31,unfiltered,0.14903819553325748,50,11
2006-03-31,suspension_screened,0.1141332075811543,50,11
2006-04-28,unfiltered,-0.07736583593041887,50,24
2006-04-28,suspension_screened,-0.0699234254613107,50,24
2006-05-30,unfiltered,-0.0310018860593552,50,5
2006-05-30,suspension_screened,-0.028466286687819826,50,5
2006-06-30,unfiltered,0.004159497553753556,50,9
2006-06-30,suspension_screened,-0.0033777736403403573,50,9
2006-07-31,unfiltered,0.06593229735714899,50,11
2006-07-31,suspension_screened,0.0728967005031055,50,11
2006-08-31,unfiltered,0.1466987219259113,50,7
2006-08-31,suspension_screened,0.10753034426439664,50,7
2006-09-29,unfiltered,0.03840767580324796,50,9
2006-09-29,suspension_screened,0.03840767580324796,50,9
2006-10-31,unfiltered,0.06887458086189048,50,7
2006-10-31,suspension_screened,0.06887458086189048,50,7
2006-11-30,unfiltered,-0.05849388178368894,50,8
2006-11-30,suspension_screened,-0.056120664362179905,50,8
2006-12-28,unfiltered,0.0564654350564743,50,7
2006-12-28,suspension_screened,0.0564654350564743,50,7
2007-01-31,unfiltered,0.050644685124359545,50,5
2007-01-31,suspension_screened,0.050644685124359545,50,5
2007-02-28,unfiltered,0.26140570877731334,50,24
2007-02-28,suspension_screened,0.3095657832439045,50,24
2007-03-30,unfiltered,0.02972504450055926,50,18
2007-03-30,suspension_screened,0.02598785650244356,50,18
2007-04-30,unfiltered,0.1547626383731412,50,27
2007-04-30,suspension_screened,0.17145708388259498,50,27
2007-05-31,unfiltered,0.017548782187143896,50,8
2007-05-31,suspension_screened,0.017548782187143896,50,8
2007-06-29,unfiltered,-0.01676853502916925,50,14
2007-06-29,suspension_screened,-0.019791563700406245,50,14
2007-07-31,unfiltered,0.048121687276734736,50,13
2007-07-31,suspension_screened,0.0512764330049043,50,13
2007-08-31,unfiltered,0.000955751172418173,50,6
2007-08-31,suspension_screened,0.000955751172418173,50,6
2007-09-28,unfiltered,-0.08423490112810698,50,14
2007-09-28,suspension_screened,-0.08322303604704348,50,14
2007-10-31,unfiltered,-0.062346651354291634,50,4
2007-10-31,suspension_screened,-0.06493097368198635,50,4
2007-11-30,unfiltered,-0.020143802682347473,50,14
2007-11-30,suspension_screened,-0.006419642501580917,50,14
2007-12-28,unfiltered,0.08037927473710718,50,15
2007-12-28,suspension_screened,0.08133875017285974,50,15
2008-01-31,unfiltered,0.08256456545853595,50,7
2008-01-31,suspension_screened,0.0831486672616441,50,7
2008-02-29,unfiltered,-0.06848108528316665,50,19
2008-02-29,suspension_screened,-0.06049518941707779,50,19
2008-03-31,unfiltered,0.0074159585179961835,50,29
2008-03-31,suspension_screened,0.07349931134781039,50,29
2008-04-30,unfiltered,0.09490593635897994,50,50
2008-04-30,suspension_screened,0.08615910669485494,50,50
2008-05-30,unfiltered,-0.0173072736255915,50,13
2008-05-30,suspension_screened,-0.008786636593115536,50,13
2008-06-30,unfiltered,0.05775006482934386,50,17
2008-06-30,suspension_screened,0.07069176060744015,50,17
2008-07-31,unfiltered,-0.1174711121956464,50,6
2008-07-31,suspension_screened,-0.14235598148577353,50,6
2008-08-29,unfiltered,-0.08400155800382945,50,8
2008-08-29,suspension_screened,-0.06251819475336909,50,8
2008-09-30,unfiltered,-0.28950973280436165,50,17
2008-09-30,suspension_screened,-0.3110600246881751,50,17
2008-10-31,unfiltered,0.07682365957601225,50,11
2008-10-31,suspension_screened,0.07682365957601225,50,11
2008-11-28,unfiltered,-0.0023692330530043324,50,8
2008-11-28,suspension_screened,0.010531636657843327,50,8
2008-12-30,unfiltered,0.041658696636988,50,29
2008-12-30,suspension_screened,0.0468897658165007,50,29
2009-01-30,unfiltered,0.2655951840013369,50,17
2009-01-30,suspension_screened,0.31652868839887865,50,17
2009-02-27,unfiltered,-0.06040880962665661,50,23
2009-02-27,suspension_screened,-0.037651695262517146,50,23
2009-03-31,unfiltered,0.23539529740660295,50,75
2009-03-31,suspension_screened,0.28006261749976497,50,75
2009-04-30,unfiltered,0.16722784592787393,50,22
2009-04-30,suspension_screened,0.18199456151683474,50,22
2009-05-29,unfiltered,0.015842424917315582,50,9
2009-05-29,suspension_screened,0.01837982833109288,50,9
2009-06-30,unfiltered,0.005743849175870746,50,26
2009-06-30,suspension_screened,0.05246038070381582,50,26
2009-07-31,unfiltered,0.027498194951830278,50,7
2009-07-31,suspension_screened,0.027305470362377328,50,7
2009-08-31,unfiltered,-0.07890260524926132,50,17
2009-08-31,suspension_screened,-0.037388183785449246,50,17
2009-09-30,unfiltered,-0.08497069848912979,50,16
2009-09-30,suspension_screened,-0.08645389675504804,50,16
2009-10-30,unfiltered,-0.03916510676298219,50,9
2009-10-30,suspension_screened,-0.02565736367830506,50,9
2009-11-30,unfiltered,-0.03883394865373192,50,17
2009-11-30,suspension_screened,-0.04024578410402287,50,17
2009-12-30,unfiltered,-0.10433974393788165,50,26
2009-12-30,suspension_screened,-0.06676158482722797,50,26
2010-01-29,unfiltered,0.006611378382435333,50,10
2010-01-29,suspension_screened,0.0022291220392680255,50,10
2010-02-26,unfiltered,-0.031227958788111458,50,14
2010-02-26,suspension_screened,-0.014045310760086955,50,14
2010-03-31,unfiltered,-0.15513768953454327,50,51
2010-03-31,suspension_screened,0.010961719489263331,50,51
2010-04-30,unfiltered,-0.07810238682856208,50,29
2010-04-30,suspension_screened,-0.07392181995690196,50,29
2010-05-31,unfiltered,0.040490203088095936,50,5
2010-05-31,suspension_screened,0.04624913149679741,50,5
2010-06-30,unfiltered,0.040887262773763526,50,17
2010-06-30,suspension_screened,0.05843719319232234,50,17
2010-07-30,unfiltered,-0.020120116268262923,50,6
2010-07-30,suspension_screened,-0.021558563255805088,50,6
2010-08-31,unfiltered,0.03747875319878735,50,9
2010-08-31,suspension_screened,0.03832928523164103,50,9
2010-09-30,unfiltered,0.02789447609321468,50,12
2010-09-30,suspension_screened,0.030019072615634888,50,12
2010-10-29,unfiltered,-0.011174492739002955,50,14
2010-10-29,suspension_screened,-0.010530115525042167,50,14
2010-11-30,unfiltered,-0.010613514712771652,50,4
2010-11-30,suspension_screened,-0.009129099436001273,50,4
2010-12-30,unfiltered,0.024957878484800137,50,20
2010-12-30,suspension_screened,0.019790559786942417,50,20
2011-01-31,unfiltered,-0.03150464648244503,50,10
2011-01-31,suspension_screened,-0.040722466235617275,50,10
2011-02-28,unfiltered,0.02062077020898022,50,10
2011-02-28,suspension_screened,0.023899267298757732,50,10
2011-03-31,unfiltered,-0.03608317832367449,50,31
2011-03-31,suspension_screened,-0.005372594737199896,50,31
2011-04-29,unfiltered,0.008936392575368043,50,37
2011-04-29,suspension_screened,0.008375575395862526,50,37
2011-05-31,unfiltered,0.06816512641382216,50,10
2011-05-31,suspension_screened,0.0690182470476389,50,10
2011-06-30,unfiltered,0.04594811462212815,50,13
2011-06-30,suspension_screened,0.07372026937428668,50,13
2011-07-29,unfiltered,-0.0793834584364586,50,4
2011-07-29,suspension_screened,-0.08178648198994674,50,4
2011-08-31,unfiltered,-0.1427149674119891,50,14
2011-08-31,suspension_screened,-0.11241180358794943,50,14
2011-09-30,unfiltered,0.17545398359805287,50,12
2011-09-30,suspension_screened,0.18434573209043253,50,12
2011-10-31,unfiltered,-0.022495731320197113,50,14
2011-10-31,suspension_screened,-0.028173598495738687,50,14
2011-11-30,unfiltered,0.06894222833849467,50,11
2011-11-30,suspension_screened,0.07669308718652565,50,11
2011-12-29,unfiltered,0.17140880602418332,50,14
2011-12-29,suspension_screened,0.1670272124481107,50,14
2012-01-31,unfiltered,0.20089993536898465,50,2
2012-01-31,suspension_screened,0.21035021051645905,50,2
2012-02-29,unfiltered,0.0003627399341724906,50,10
2012-02-29,suspension_screened,0.005859370182835627,50,10
2012-03-30,unfiltered,0.05193978492366561,50,18
2012-03-30,suspension_screened,0.10512169469435535,50,18
2012-04-30,unfiltered,0.031959608990471594,50,16
2012-04-30,suspension_screened,0.059116159553391376,50,16
2012-05-31,unfiltered,0.15057256258512444,50,6
2012-05-31,suspension_screened,0.16865887054895096,50,6
2012-06-29,unfiltered,-0.004838123926350067,50,6
2012-06-29,suspension_screened,0.009292680860506112,50,6
2012-07-31,unfiltered,0.013901698198078977,50,4
2012-07-31,suspension_screened,0.014448553560827672,50,4
2012-08-31,unfiltered,-0.02105849619631229,50,8
2012-08-31,suspension_screened,-0.019528130852037032,50,8
2012-09-28,unfiltered,-0.054431193756454416,50,14
2012-09-28,suspension_screened,-0.05138792661749017,50,14
2012-10-31,unfiltered,-0.06452699644784429,50,14
2012-10-31,suspension_screened,-0.072389069687965,50,14
2012-11-30,unfiltered,-0.022827514299562333,50,9
2012-11-30,suspension_screened,-0.03195713442616375,50,9
2012-12-28,unfiltered,0.12389175864566646,50,18
2012-12-28,suspension_screened,0.1334050619458311,50,18
2013-01-31,unfiltered,0.025135571116339555,50,5
2013-01-31,suspension_screened,0.03476776593633811,50,5
2013-02-28,unfiltered,-0.01767819619737863,50,10
2013-02-28,suspension_screened,-0.011821242425564864,50,10
2013-03-29,unfiltered,0.015219686404162852,50,23
2013-03-29,suspension_screened,0.11770448309913248,50,23
2013-04-30,unfiltered,0.12395837563857283,50,16
2013-04-30,suspension_screened,0.12584408917445417,50,16
2013-05-31,unfiltered,-0.08700597709234913,50,5
2013-05-31,suspension_screened,-0.0876958529976169,50,5
2013-06-28,unfiltered,0.03697040860121953,50,8
2013-06-28,suspension_screened,0.04622528645379164,50,8
2013-07-31,unfiltered,-0.06463868123939917,50,7
2013-07-31,suspension_screened,-0.05887880613640368,50,7
2013-08-30,unfiltered,0.03014154212374,50,8
2013-08-30,suspension_screened,0.028059135464215512,50,8
2013-09-30,unfiltered,-0.03295811208919552,50,10
2013-09-30,suspension_screened,-0.040862995249821656,50,10
2013-10-31,unfiltered,0.002041095668280142,50,4
2013-10-31,suspension_screened,0.002041095668280142,50,4
2013-11-29,unfiltered,-0.02559239251282015,50,5
2013-11-29,suspension_screened,-0.02559239251282015,50,5
2013-12-30,unfiltered,0.027615704580194474,50,8
2013-12-30,suspension_screened,0.03221651401501257,50,8
2014-01-29,unfiltered,0.012872293074592984,50,10
2014-01-29,suspension_screened,0.009387429388166762,50,10
2014-02-28,unfiltered,-0.0046010131077047125,50,10
2014-02-28,suspension_screened,0.0012400416054327854,50,10
2014-03-31,unfiltered,0.04129512656901723,50,9
2014-03-31,suspension_screened,0.04877040395454651,50,9
2014-04-30,unfiltered,0.14282233815575482,50,13
2014-04-30,suspension_screened,0.13897660382531354,50,13
2014-05-30,unfiltered,0.015615185023232631,50,5
2014-05-30,suspension_screened,0.015615185023232631,50,5
2014-06-30,unfiltered,0.012394795187829858,50,8
2014-06-30,suspension_screened,0.017675917005885017,50,8
2014-07-31,unfiltered,0.06489019681616015,50,4
2014-07-31,suspension_screened,0.06489019681616015,50,4
2014-08-29,unfiltered,-0.02250091940819586,50,6
2014-08-29,suspension_screened,-0.02250091940819586,50,6
2014-09-30,unfiltered,-0.02561020967251794,50,6
2014-09-30,suspension_screened,-0.027334616192872807,50,6
2014-10-31,unfiltered,0.058320668161976175,50,5
2014-10-31,suspension_screened,0.057495133408160023,50,5
2014-11-28,unfiltered,-0.014790666574996982,50,5
2014-11-28,suspension_screened,-0.015666994333641413,50,5
2014-12-30,unfiltered,0.11747833692860155,50,14
2014-12-30,suspension_screened,0.12568737744150144,50,14
2015-01-30,unfiltered,0.14570350200121035,50,4
2015-01-30,suspension_screened,0.14570350200121035,50,4
2015-02-27,unfiltered,0.11363219145816725,50,7
2015-02-27,suspension_screened,0.1083693137870716,50,7
2015-03-31,unfiltered,0.1057979949543687,50,18
2015-03-31,suspension_screened,0.13833536966851007,50,18
2015-04-30,unfiltered,0.03951104213689205,50,21
2015-04-30,suspension_screened,0.04054068447582858,50,21
2015-05-29,unfiltered,0.1566110023463756,50,9
2015-05-29,suspension_screened,0.15592035248316516,50,9
2015-06-30,unfiltered,0.11405745707287236,50,10
2015-06-30,suspension_screened,0.11797633023329829,50,10
2015-07-31,unfiltered,-0.029502302956343117,50,8
2015-07-31,suspension_screened,-0.032802717762418415,50,8
2015-08-31,unfiltered,-0.009085173541844255,50,7
2015-08-31,suspension_screened,0.01345316264829181,50,7
2015-09-30,unfiltered,0.10807540262310393,50,8
2015-09-30,suspension_screened,0.14307213278038122,50,8
2015-10-30,unfiltered,0.14966565251159755,50,5
2015-10-30,suspension_screened,0.16069372660850162,50,5
2015-11-30,unfiltered,0.02485183018395409,50,8
2015-11-30,suspension_screened,0.027628865793751588,50,8
2015-12-30,unfiltered,-0.010511751758078322,50,12
2015-12-30,suspension_screened,-0.015294971438488264,50,12
2016-01-29,unfiltered,0.035142183625546386,50,8
2016-01-29,suspension_screened,0.035142183625546386,50,8
2016-02-29,unfiltered,0.13339204149754108,50,13
2016-02-29,suspension_screened,0.13339204149754108,50,13
2016-03-31,unfiltered,0.06227550504460735,50,17
2016-03-31,suspension_screened,0.08832703589079692,50,17
2016-04-29,unfiltered,0.05079555442971921,50,30
2016-04-29,suspension_screened,0.05555492021348984,50,30
2016-05-31,unfiltered,0.06334168878162469,50,3
2016-05-31,suspension_screened,0.0627262936528491,50,3
2016-06-30,unfiltered,0.11440569619681239,50,12
2016-06-30,suspension_screened,0.12706049382688944,50,12
2016-07-29,unfiltered,0.02667335644813809,50,7
2016-07-29,suspension_screened,0.02667335644813809,50,7
2016-08-31,unfiltered,0.04283704783925864,50,9
2016-08-31,suspension_screened,0.04354555448626322,50,9
2016-09-30,unfiltered,-0.044198428181362076,50,6
2016-09-30,suspension_screened,-0.04883641703800186,50,6
2016-10-31,unfiltered,0.008988489462266921,50,11
2016-10-31,suspension_screened,0.011052352722709864,50,11
2016-11-30,unfiltered,0.05530143906207124,50,5
2016-11-30,suspension_screened,0.0596845772477534,50,5
2016-12-29,unfiltered,0.11584944531179682,50,9
2016-12-29,suspension_screened,0.11639165129099434,50,9
2017-01-31,unfiltered,-0.026735932998201407,50,8
2017-01-31,suspension_screened,-0.02952893057439781,50,8
2017-02-28,unfiltered,0.0234142326690891,50,10
2017-02-28,suspension_screened,0.025685537022531103,50,10
2017-03-31,unfiltered,-0.02499354945829965,50,21
2017-03-31,suspension_screened,-0.0031463820209347132,50,21
2017-04-28,unfiltered,0.0012799919676665223,50,30
2017-04-28,suspension_screened,-0.0035254589695156375,50,30
2017-05-31,unfiltered,0.028426710116651863,50,9
2017-05-31,suspension_screened,0.028616333952237557,50,9
2017-06-30,unfiltered,-0.04343030896264981,50,12
2017-06-30,suspension_screened,-0.04681172235137384,50,12
2017-07-31,unfiltered,0.015461322151098286,50,6
2017-07-31,suspension_screened,0.015987782559427448,50,6
2017-08-31,unfiltered,-0.08154655220041819,50,12
2017-08-31,suspension_screened,-0.08567873537284622,50,12
2017-09-29,unfiltered,0.02803675576785581,50,9
2017-09-29,suspension_screened,0.02803675576785581,50,9
2017-10-31,unfiltered,0.03466263742321974,50,11
2017-10-31,suspension_screened,0.042058559704228234,50,11
2017-11-30,unfiltered,0.014282807247029298,50,11
2017-11-30,suspension_screened,0.01758452252120572,50,11
2017-12-28,unfiltered,0.22668758774522735,50,3
2017-12-28,suspension_screened,0.22668758774522735,50,3
2018-01-31,unfiltered,0.040718215819935594,50,4
2018-01-31,suspension_screened,0.040718215819935594,50,4
2018-02-28,unfiltered,0.06458914386983655,50,7
2018-02-28,suspension_screened,0.0665288268542329,50,7
2018-03-30,unfiltered,0.07346587644030889,50,21
2018-03-30,suspension_screened,0.0739222480743134,50,21
2018-04-30,unfiltered,0.0789625722255944,50,18
2018-04-30,suspension_screened,0.0789625722255944,50,18
2018-05-31,unfiltered,0.005674473535504073,50,6
2018-05-31,suspension_screened,0.002769971855398533,50,6
2018-06-29,unfiltered,-0.004631342061894165,50,8
2018-06-29,suspension_screened,-0.004631342061894165,50,8
2018-07-31,unfiltered,0.06387776989531257,50,1
2018-07-31,suspension_screened,0.06387776989531257,50,1
2018-08-31,unfiltered,0.025064160108134587,50,7
2018-08-31,suspension_screened,0.02501432427034248,50,7
2018-09-28,unfiltered,-0.18497288533761364,50,10
2018-09-28,suspension_screened,-0.19343452124597674,50,10
2018-10-31,unfiltered,0.10501944937918668,50,8
2018-10-31,suspension_screened,0.10241072134841273,50,8
2018-11-30,unfiltered,-0.03300825144353124,50,7
2018-11-30,suspension_screened,-0.03281509767256628,50,7
2018-12-28,unfiltered,0.08431885095046943,50,7
2018-12-28,suspension_screened,0.09480500294152154,50,7
2019-01-31,unfiltered,0.03364245155890238,50,7
2019-01-31,suspension_screened,0.029107723890170918,50,7
2019-02-28,unfiltered,0.0291203978174656,50,9
2019-02-28,suspension_screened,0.0304470580772694,50,9
2019-03-29,unfiltered,0.1462847847478269,50,23
2019-03-29,suspension_screened,0.15159127001726141,50,23
2019-04-30,unfiltered,-0.016210297785108158,50,24
2019-04-30,suspension_screened,-0.01889458321300463,50,24
2019-05-31,unfiltered,0.09350625049937912,50,6
2019-05-31,suspension_screened,0.09111189787304601,50,6
2019-06-28,unfiltered,-0.05111974016283106,50,4
2019-06-28,suspension_screened,-0.05111974016283106,50,4
2019-07-31,unfiltered,-0.0342435840301163,50,14
2019-07-31,suspension_screened,-0.0342435840301163,50,14
2019-08-30,unfiltered,0.06630009316750982,50,7
2019-08-30,suspension_screened,0.06272462921632264,50,7
2019-09-30,unfiltered,-0.0033422730558307534,50,9
2019-09-30,suspension_screened,-0.0033422730558307534,50,9
2019-10-31,unfiltered,0.08428724761145534,50,5
2019-10-31,suspension_screened,0.09118205080262438,50,5
2019-11-29,unfiltered,0.03383460932457984,50,5
2019-11-29,suspension_screened,0.03642226773067376,50,5
2019-12-30,unfiltered,-0.04568354679456033,50,6
2019-12-30,suspension_screened,-0.043825527619532255,50,6
2020-01-31,unfiltered,-0.08616960520924567,50,9
2020-01-31,suspension_screened,-0.08605645983313606,50,9
2020-02-28,unfiltered,-0.1417869674707016,50,13
2020-02-28,suspension_screened,-0.16668133929379192,50,13
2020-03-31,unfiltered,0.11893412769938994,50,29
2020-03-31,suspension_screened,0.1780884254145189,50,29
2020-04-29,unfiltered,0.042035577226595046,50,20
2020-04-29,suspension_screened,0.05030514844127958,50,20
2020-05-29,unfiltered,-0.008937778001724342,50,9
2020-05-29,suspension_screened,-0.01158616127708801,50,9
2020-06-30,unfiltered,0.10666774139998451,50,14
2020-06-30,suspension_screened,0.10989665723385675,50,14
2020-07-31,unfiltered,0.03935916545415696,50,3
2020-07-31,suspension_screened,0.039778996284191896,50,3
2020-08-31,unfiltered,0.0363876547284824,50,11
2020-08-31,suspension_screened,0.04247475962336907,50,11
2020-09-29,unfiltered,0.03139163844775639,50,10
2020-09-29,suspension_screened,0.0400074778419132,50,10
2020-10-30,unfiltered,0.1319459829134506,50,5
2020-10-30,suspension_screened,0.1319459829134506,50,5
2020-11-30,unfiltered,0.09433790931608524,50,5
2020-11-30,suspension_screened,0.09433790931608524,50,5
2020-12-30,unfiltered,0.09186489994442368,50,6
2020-12-30,suspension_screened,0.09293333132177746,50,6
2021-01-29,unfiltered,0.02385712093307706,50,7
2021-01-29,suspension_screened,0.024694360313397484,50,7
2021-02-26,unfiltered,0.0423902669463223,50,7
2021-02-26,suspension_screened,0.05664461041499933,50,7
2021-03-31,unfiltered,0.10554180137178594,50,23
2021-03-31,suspension_screened,0.1127801993208177,50,23
2021-04-30,unfiltered,0.07004998765588892,50,15
2021-04-30,suspension_screened,0.07349211242466981,50,15
2021-05-31,unfiltered,-0.12146760420858976,50,13
2021-05-31,suspension_screened,-0.11423787128298969,50,13
2021-06-30,unfiltered,0.04813297799415849,50,9
2021-06-30,suspension_screened,0.045369872355675994,50,9
2021-07-30,unfiltered,-0.03779446608506547,50,4
2021-07-30,suspension_screened,-0.03779446608506547,50,4
2021-08-31,unfiltered,-0.07936797132856199,50,5
2021-08-31,suspension_screened,-0.07822650574890246,50,5
2021-09-30,unfiltered,0.005426196845730564,50,5
2021-09-30,suspension_screened,0.0037055366381555394,50,5
2021-10-29,unfiltered,-0.08843056611139163,50,10
2021-10-29,suspension_screened,-0.09600839242266516,50,10
2021-11-30,unfiltered,0.1641540960155488,50,8
2021-11-30,suspension_screened,0.17019127497980116,50,8
2021-12-30,unfiltered,-0.07699312730926923,50,7
2021-12-30,suspension_screened,-0.08110858026097698,50,7
2022-01-28,unfiltered,0.03284586829585976,50,6
2022-01-28,suspension_screened,0.03215956230116562,50,6
2022-02-28,unfiltered,0.09744676961415102,50,6
2022-02-28,suspension_screened,0.10284273170601282,50,6
2022-03-31,unfiltered,0.049067374276982725,50,21
2022-03-31,suspension_screened,0.05054283121289512,50,21
2022-04-29,unfiltered,-0.021605299750074546,50,16
2022-04-29,suspension_screened,0.0023816705730591,50,16
2022-05-31,unfiltered,-0.13435212116725476,50,8
2022-05-31,suspension_screened,-0.1375783812634402,50,8
2022-06-30,unfiltered,0.06896000485319456,50,8
2022-06-30,suspension_screened,0.07047291986198971,50,8
2022-07-29,unfiltered,0.007984670923922386,50,4
2022-07-29,suspension_screened,0.007984670923922386,50,4
2022-08-31,unfiltered,-0.07695057863376328,50,9
2022-08-31,suspension_screened,-0.08491966978310933,50,9
2022-09-30,unfiltered,0.01961736014330281,50,5
2022-09-30,suspension_screened,0.016258935992924183,50,5
2022-10-31,unfiltered,0.051784824978120925,50,7
2022-10-31,suspension_screened,0.051784824978120925,50,7
2022-11-30,unfiltered,0.011629697702906752,50,12
2022-11-30,suspension_screened,0.014530517056809742,50,12
2022-12-29,unfiltered,0.12133784724736324,50,6
2022-12-29,suspension_screened,0.12319729172729514,50,6
2023-01-31,unfiltered,0.06912662277435427,50,5
2023-01-31,suspension_screened,0.07038981744835165,50,5
2023-02-28,unfiltered,-0.03535061356787798,50,11
2023-02-28,suspension_screened,-0.042113766302369,50,11
2023-03-31,unfiltered,0.0802995746471598,50,15
2023-03-31,suspension_screened,0.0643876757671382,50,15
2023-04-28,unfiltered,0.04231552922153212,50,36
2023-04-28,suspension_screened,0.05062616610646071,50,36
2023-05-31,unfiltered,-0.017971590019733624,50,14
2023-05-31,suspension_screened,-0.017971590019733624,50,14
2023-06-30,unfiltered,-0.07007528246988459,50,14
2023-06-30,suspension_screened,-0.07292557414127573,50,14
2023-07-31,unfiltered,0.035994920253950194,50,6
2023-07-31,suspension_screened,0.03363047327489196,50,6
2023-08-31,unfiltered,-0.0191559676378854,50,7
2023-08-31,suspension_screened,-0.02109129348390995,50,7
2023-09-27,unfiltered,-0.035791587263001204,50,6
2023-09-27,suspension_screened,-0.036169598002312606,50,6
2023-10-31,unfiltered,0.08909429335472269,50,7
2023-10-31,suspension_screened,0.08694303341690016,50,7
2023-11-30,unfiltered,0.040313195911488534,50,6
2023-11-30,suspension_screened,0.05240495995331113,50,6
2023-12-28,unfiltered,0.0430659709420929,50,9
2023-12-28,suspension_screened,0.035200240344722515,50,9
2024-01-31,unfiltered,0.012702156240591175,50,14
2024-01-31,suspension_screened,0.017101933508180615,50,14
2024-02-29,unfiltered,0.01713938019689587,50,9
2024-02-29,suspension_screened,0.01713938019689587,50,9
2024-03-29,unfiltered,0.015716136120559564,50,19
2024-03-29,suspension_screened,0.017951352280884247,50,19
2024-04-30,unfiltered,0.02632978074388182,50,32
2024-04-30,suspension_screened,0.06722335064098935,50,32
2024-05-31,unfiltered,-0.02331313423641792,50,4
2024-05-31,suspension_screened,-0.02209291180188095,50,4
2024-06-28,unfiltered,0.03519887273431251,50,7
2024-06-28,suspension_screened,0.034698245591589405,50,7
2024-07-31,unfiltered,-0.021704084561803942,50,7
2024-07-31,suspension_screened,-0.007543812793239694,50,7
2024-08-30,unfiltered,0.042747971157585746,50,7
2024-08-30,suspension_screened,0.04246115792805617,50,7
2024-09-30,unfiltered,-0.02855370435904264,50,7
2024-09-30,suspension_screened,-0.02855370435904264,50,7
2024-10-31,unfiltered,-0.07401876268272152,50,13
2024-10-31,suspension_screened,-0.07574851867839899,50,13
2024-11-29,unfiltered,0.10046032105719044,50,12
2024-11-29,suspension_screened,0.09149429234117208,50,12
2024-12-30,unfiltered,0.03155462088434232,50,8
2024-12-30,suspension_screened,0.03236815345097616,50,8
2025-01-31,unfiltered,0.04048743384152004,50,11
2025-01-31,suspension_screened,0.047357431162047735,50,11
2025-02-28,unfiltered,-0.02474762169412463,50,7
2025-02-28,suspension_screened,-0.013934226819133425,50,7
2025-03-31,unfiltered,0.05107693590679866,50,12
2025-03-31,suspension_screened,0.05670510779152447,50,12
2025-04-30,unfiltered,0.07160259076386936,50,22
2025-04-30,suspension_screened,0.07808613771517296,50,22
2025-05-30,unfiltered,0.007775663634649252,50,8
2025-05-30,suspension_screened,0.007775663634649252,50,8
2025-06-30,unfiltered,-0.01126844348167214,50,13
2025-06-30,suspension_screened,-0.011116721091037396,50,13
2025-07-31,unfiltered,0.011079942353671754,50,5
2025-07-31,suspension_screened,0.010171062687161298,50,5
2025-08-29,unfiltered,0.06773495679141128,50,8
2025-08-29,suspension_screened,0.06911530810255181,50,8
2025-09-30,unfiltered,0.008998835204088477,50,4
2025-09-30,suspension_screened,0.008998835204088477,50,4
2025-10-31,unfiltered,-0.024652854312290983,50,11
2025-10-31,suspension_screened,-0.025360500185239228,50,11
2025-11-28,unfiltered,-0.01092779930425819,50,11
2025-11-28,suspension_screened,-2.012395511295133e-05,50,11
2025-12-30,unfiltered,0.0400795113962464,50,8
2025-12-30,suspension_screened,0.03785344461481526,50,8
2026-01-30,unfiltered,-0.08663884620242296,50,4
2026-01-30,suspension_screened,-0.08663884620242296,50,4
2026-02-27,unfiltered,0.05748901711410619,50,9
2026-02-27,suspension_screened,0.04960880201280158,50,9
2026-03-31,unfiltered,0.082330705338595,50,21
2026-03-31,suspension_screened,0.0876606997510859,50,21
2026-04-30,unfiltered,0.0047671567953386906,50,122
2026-04-30,suspension_screened,0.0024365877279877136,50,122
2026-05-04,unfiltered,-0.0023569014221117885,50,130
2026-05-04,suspension_screened,-0.002371995691045616,50,130
