date,path,return,holdings,banned_share
2000-08-31,contract,-0.056377643664442215,29,0.26822157434402333
2000-08-31,expand,-0.06267904558209059,27,0.446064139941691
2000-09-29,contract,-0.07341961153247532,29,0.2700381679389313
2000-09-29,expand,-0.13918390875950043,21,0.4494274809160305
2000-10-31,contract,-0.014686923329790507,29,0.26901140684410646
2000-10-31,expand,-0.03035769186362804,21,0.44866920152091255
2000-11-30,contract,-0.048665552743971045,30,0.269811320754717
2000-11-30,expand,-0.048311947526073935,25,0.4490566037735849
2000-12-26,contract,0.12040035913662404,29,0.2701688555347092
2000-12-26,expand,0.12199131896835419,21,0.44934333958724204
2001-01-31,contract,0.03284502168034131,30,0.27001862197392923
2001-01-31,expand,0.028914563376187634,20,0.4506517690875233
2001-02-28,contract,-0.07437937944811122,30,0.2694063926940639
2001-02-28,expand,-0.07898004546342975,23,0.4484018264840183
2001-03-30,contract,0.0542489782372085,29,0.26268922528940336
2001-03-30,expand,0.0863401437417335,17,0.43722172751558325
2001-04-30,contract,0.15862684124603835,29,0.25741710296684117
2001-04-30,expand,0.17937903075466324,15,0.42844677137870857
2001-05-31,contract,0.03978346470074024,30,0.25674499564838993
2001-05-31,expand,0.07343651401404672,16,0.42732811140121846
2001-06-29,contract,-0.09029917917764321,28,0.2571428571428571
2001-06-29,expand,-0.07133793582544759,10,0.4277056277056277
2001-07-31,contract,-0.009502782442232315,26,0.25687285223367695
2001-07-31,expand,-0.015414641136006824,14,0.42783505154639173
2001-08-31,contract,-0.06730867629008633,30,0.2580919931856899
2001-08-31,expand,-0.09930497983658795,15,0.4301533219761499
2001-09-28,contract,0.06185513261690868,27,0.25771476230191825
2001-09-28,expand,0.04982774780239089,17,0.4286905754795663
2001-10-31,contract,0.06704104963766246,28,0.257285595337219
2001-10-31,expand,0.07604000994038264,21,0.42880932556203166
2001-11-30,contract,0.03912061469594906,27,0.26
2001-11-30,expand,0.057747371422750306,19,0.43333333333333335
2001-12-28,contract,0.052220995519732034,29,0.2639467110741049
2001-12-28,expand,0.046900958832713925,16,0.43963363863447125
2002-01-31,contract,0.09610470620461078,28,0.2662819455894477
2002-01-31,expand,0.11962294967598623,17,0.44352844187963725
2002-02-28,contract,0.07967001446156825,30,0.2719082719082719
2002-02-28,expand,0.07295541599942823,16,0.4520884520884521
2002-03-29,contract,-0.10959938000711542,28,0.27487765089722677
2002-03-29,expand,-0.11051365476296501,14,0.45758564437194127
2002-04-30,contract,-0.01856592434650263,29,0.27046548956661315
2002-04-30,expand,-0.010980821276622315,20,0.45024077046548955
2002-05-31,contract,-0.0763368291502518,29,0.268370607028754
2002-05-31,expand,-0.0733024507826648,21,0.4464856230031949
2002-06-28,contract,-0.0007537519146705862,28,0.26782884310618066
2002-06-28,expand,-0.010874840641686132,19,0.4469096671949287
2002-07-31,contract,0.06429877351516353,30,0.26557632398753894
2002-07-31,expand,0.03408777323156068,18,0.4423676012461059
2002-08-30,contract,-0.048448975835390796,30,0.261995430312262
2002-08-30,expand,-0.05615617855756801,22,0.43716679360243715
2002-09-30,contract,0.015565510133275616,27,0.25799256505576207
2002-09-30,expand,-0.016840571909958118,14,0.42973977695167287
2002-10-31,contract,0.03795933343865157,26,0.2553191489361702
2002-10-31,expand,0.042836110602163996,15,0.425531914893617
2002-11-29,contract,-0.09997638515762938,25,0.2553191489361702
2002-11-29,expand,-0.0962764271210541,15,0.425531914893617
2002-12-30,contract,-0.06276175604661842,27,0.2545454545454545
2002-12-30,expand,-0.07510784985355638,19,0.4232727272727273
2003-01-30,contract,-0.009584237009988849,29,0.25288184438040345
2003-01-30,expand,-0.02405934957630289,17,0.4214697406340058
2003-02-28,contract,-0.054939489577870024,29,0.25483178239083754
2003-02-28,expand,-0.04986111577424304,16,0.4251968503937008
2003-03-31,contract,0.11715606116398607,24,0.25624553890078516
2003-03-31,expand,0.12460714098228053,14,0.4261241970021413
2003-04-30,contract,0.09678501442009545,27,0.2540809084457062
2003-04-30,expand,0.10364057656681774,19,0.4237047551454933
2003-05-30,contract,0.018120407833188183,30,0.25106082036775107
2003-05-30,expand,0.017417518815657045,18,0.41796322489391796
2003-06-30,contract,0.007606647664289772,29,0.25052928722653495
2003-06-30,expand,0.008360657376386926,21,0.4170783345095272
2003-07-31,contract,0.014821455393447647,30,0.24842547235829252
2003-07-31,expand,0.01109018633139458,17,0.41427571728481455
2003-08-29,contract,0.013447800528297712,27,0.24913013221990257
2003-08-29,expand,0.020775010426958295,12,0.41475295755045233
2003-09-30,contract,-0.002152428424244777,26,0.24724517906336088
2003-09-30,expand,0.0013161292293206867,16,0.4118457300275482
2003-10-31,contract,0.04705742709812024,28,0.24622770919067216
2003-10-31,expand,-0.004927000796782173,18,0.4101508916323731
2003-11-28,contract,-0.004263072498206241,29,0.24639670555936857
2003-11-28,expand,0.010803276132889476,17,0.40974605353466026
2003-12-30,contract,0.003666066442436472,28,0.24725274725274726
2003-12-30,expand,-0.012696964022008247,16,0.4114010989010989
2004-01-30,contract,0.03812596192168318,30,0.2477693891557996
2004-01-30,expand,0.04403910154626287,16,0.4131777625257378
2004-02-27,contract,0.0019454168971130992,25,0.25034387895460797
2004-02-27,expand,-0.007759789426559527,15,0.4167812929848693
2004-03-31,contract,0.019310591478033642,27,0.2524204702627939
2004-03-31,expand,0.005745832786373743,16,0.42047026279391425
2004-04-30,contract,0.004795087721644513,28,0.2515549412577747
2004-04-30,expand,-0.05164975916555159,21,0.4187975120939876
2004-05-31,contract,-0.005231468262837665,28,0.2494802494802495
2004-05-31,expand,-0.0009187757756153966,13,0.4151074151074151
2004-06-30,contract,-0.016055594581326577,23,0.2491349480968858
2004-06-30,expand,-0.028546350213490102,10,0.41453287197231836
2004-07-30,contract,0.05568262565665326,26,0.2484472049689441
2004-07-30,expand,0.06614899177847633,15,0.4140786749482402
2004-08-31,contract,0.04151125015673533,26,0.24708304735758407
2004-08-31,expand,0.04672492257217122,11,0.4118050789293068
2004-09-30,contract,0.0249906091940765,28,0.2465846994535519
2004-09-30,expand,0.04050081139003221,15,0.4105191256830601
2004-10-29,contract,0.05668093451913121,27,0.2452445652173913
2004-10-29,expand,0.0736546868574195,13,0.40828804347826086
2004-11-30,contract,-0.018694595804361298,28,0.24574540503744044
2004-11-30,expand,-0.01276024390178356,17,0.4098025867937372
2004-12-30,contract,0.15310275608380303,26,0.24726775956284153
2004-12-30,expand,0.20796068027541573,17,0.41188524590163933
2005-01-31,contract,0.1404598520698363,29,0.24795640326975477
2005-01-31,expand,0.13198706795217138,21,0.4128065395095368
2005-02-28,contract,0.015214397344842805,30,0.24813052345343303
2005-02-28,expand,-0.006146721107392514,19,0.4126444595513256
2005-03-31,contract,-0.0061388550688080395,26,0.25223983459682975
2005-03-31,expand,-0.006297529718688297,19,0.4203997243280496
2005-04-29,contract,0.04217767405086008,28,0.25120440467997246
2005-04-29,expand,0.05099606645237197,22,0.4184445973847213
2005-05-31,contract,0.05969380008500881,28,0.2474155754651964
2005-05-31,expand,0.05704680951487649,23,0.41212956581667815
2005-06-30,contract,0.08480824936461162,26,0.24639670555936857
2005-06-30,expand,0.09784535559826478,19,0.4104323953328758
2005-07-29,contract,-0.012045860006672586,30,0.24656593406593408
2005-07-29,expand,-0.012434972702769007,24,0.4107142857142857
2005-08-31,contract,0.13151702221904304,27,0.24795081967213115
2005-08-31,expand,0.1399189056026384,17,0.412568306010929
2005-09-30,contract,-0.016665326399313684,29,0.24660326086956522
2005-09-30,expand,-0.02157561851718486,23,0.41032608695652173
2005-10-31,contract,0.14616689743391742,30,0.2456021650879567
2005-10-31,expand,0.12878383205656724,22,0.40866035182679294
2005-11-30,contract,0.016112608506224042,30,0.24813559322033898
2005-11-30,expand,0.014387389583266682,28,0.4128813559322034
2005-12-29,contract,-0.014964779788090084,29,0.24898236092265943
2005-12-29,expand,-0.0024164825034840255,25,0.4151967435549525
2006-01-31,contract,-0.005626765912661121,30,0.2510148849797023
2006-01-31,expand,0.00020946766792123242,24,0.4174560216508796
2006-02-28,contract,0.015050398875070517,29,0.25101214574898784
2006-02-28,expand,0.01685586455257561,23,0.4176788124156545
2006-03-31,contract,0.014439193173102953,28,0.249665327978581
2006-03-31,expand,0.016713049929196803,25,0.41566265060240964
2006-04-28,contract,-0.06840343796144517,29,0.24883255503669113
2006-04-28,expand,-0.0694828641521128,23,0.4149432955303536
2006-05-30,contract,-0.04132651857258303,26,0.24866666666666667
2006-05-30,expand,-0.021097254375739425,18,0.4146666666666667
2006-06-30,contract,-0.031212552049665585,29,0.24735449735449735
2006-06-30,expand,-0.041076806455346795,24,0.41203703703703703
2006-07-31,contract,0.08158566779623931,29,0.24753127057274524
2006-07-31,expand,0.06351005199130871,22,0.412771560236998
2006-08-31,contract,0.0384216587003314,29,0.24625407166123778
2006-08-31,expand,0.04051422759556118,27,0.41042345276872966
2006-09-29,contract,0.011897137287465566,27,0.24626380766731643
2006-09-29,expand,0.012550565413058424,22,0.4106562703053931
2006-10-31,contract,0.0593201981191112,28,0.24627349319507452
2006-10-31,expand,0.0528423138475582,24,0.4102397926117952
2006-11-30,contract,-0.007990183069897157,29,0.24660194174757283
2006-11-30,expand,-0.006587598899112025,24,0.4110032362459547
2006-12-28,contract,-0.03728995363004791,26,0.2475759534583064
2006-12-28,expand,-0.06076046676000431,20,0.4124111182934712
2007-01-31,contract,0.047273128900338204,27,0.24919302775984506
2007-01-31,expand,0.043658044661781366,21,0.4144609425435765
2007-02-28,contract,0.0813768108938583,29,0.2482360487491982
2007-02-28,expand,0.06641140530011225,23,0.4137267479153303
2007-03-30,contract,0.07184915853743111,27,0.24808184143222506
2007-03-30,expand,0.06549859106150008,25,0.41304347826086957
2007-04-30,contract,0.08553334241983329,27,0.24792332268370607
2007-04-30,expand,0.08978609603554445,23,0.412779552715655
2007-05-31,contract,0.03244034615091907,30,0.2471264367816092
2007-05-31,expand,0.02797371240397119,27,0.4112388250319285
2007-06-29,contract,0.06469783477564381,29,0.24650571791613723
2007-06-29,expand,0.05284182059000783,25,0.4104193138500635
2007-07-31,contract,-0.006248685796352053,30,0.24573594440934934
2007-07-31,expand,0.0037894022465494617,26,0.40934933670246365
2007-08-31,contract,0.01747068967025342,29,0.24560301507537688
2007-08-31,expand,0.00696088151764566,27,0.40954773869346733
2007-09-28,contract,-0.043304404188421866,28,0.2453066332916145
2007-09-28,expand,-0.047335171345764024,25,0.40863579474342926
2007-10-31,contract,-0.03602560102598255,28,0.24625
2007-10-31,expand,-0.04844893111246565,23,0.41
2007-11-30,contract,0.040253672670410655,30,0.24797001873828858
2007-11-30,expand,0.04948357706536604,22,0.4134915677701437
2007-12-28,contract,-0.08082898099937731,30,0.2495321272613849
2007-12-28,expand,-0.05299712962835863,23,0.41547099189020587
2008-01-31,contract,-0.015406832604991115,26,0.24906832298136647
2008-01-31,expand,-0.033202089148154736,21,0.41490683229813663
2008-02-29,contract,-0.016353708553738903,29,0.2496902106567534
2008-02-29,expand,-0.01839113185815315,22,0.4157372986369269
2008-03-31,contract,0.03636178168096592,29,0.24953560371517028
2008-03-31,expand,0.04761379020915677,24,0.41609907120743034
2008-04-30,contract,0.07453902031667943,29,0.2501547987616099
2008-04-30,expand,0.06458818796630117,24,0.41609907120743034
2008-05-30,contract,-0.052451371806960204,28,0.24784217016029594
2008-05-30,expand,-0.04831349344080091,23,0.4130702836004932
2008-06-30,contract,-0.06437739494137103,29,0.24618204031765425
2008-06-30,expand,-0.08527730894394668,20,0.4098961514966402
2008-07-31,contract,-0.078067658715333,26,0.24635036496350365
2008-07-31,expand,-0.07399820085893762,18,0.4099756690997567
2008-08-29,contract,-0.04517137864388859,29,0.24666666666666667
2008-08-29,expand,-0.05632654388307028,19,0.4109090909090909
2008-09-30,contract,-0.28057752992112506,25,0.2459214501510574
2008-09-30,expand,-0.29667723571437143,17,0.4096676737160121
2008-10-31,contract,-0.049191157120806246,21,0.24607961399276237
2008-10-31,expand,-0.04254930639678186,17,0.4101326899879373
2008-11-28,contract,0.032808143003486105,27,0.24653405666063893
2008-11-28,expand,0.0423655945507434,23,0.4110910186859554
2008-12-30,contract,-0.014559354281524153,26,0.24639423076923078
2008-12-30,expand,-0.019469327579120534,21,0.4098557692307692
2009-01-30,contract,-0.026442172716334835,29,0.24565608148591972
2009-01-30,expand,-0.01088008717886545,20,0.4092270820850809
2009-02-27,contract,0.07197265643964826,28,0.24493444576877235
2009-02-27,expand,0.05848656967590617,19,0.40762812872467225
2009-03-31,contract,0.14838137665932685,27,0.248038624019312
2009-03-31,expand,0.10901690532113129,20,0.4127942063971032
2009-04-30,contract,0.03227910701709203,29,0.25
2009-04-30,expand,0.021892932676508436,26,0.4158595641646489
2009-05-29,contract,0.012899607280218979,29,0.24772864930345245
2009-05-29,expand,0.019063814296830715,24,0.41308298001211385
2009-06-30,contract,0.06280297700361467,29,0.24772864930345245
2009-06-30,expand,0.07399304348224621,24,0.4124772864930345
2009-07-31,contract,0.031490400051811133,30,0.24833029751062538
2009-07-31,expand,0.03317539218252228,28,0.4134790528233151
2009-08-31,contract,0.06030399046102858,29,0.2480243161094225
2009-08-31,expand,0.06178527320192022,27,0.4133738601823708
2009-09-30,contract,-0.01810352032969175,27,0.2475669099756691
2009-09-30,expand,-0.020834862439340514,22,0.4124087591240876
2009-10-30,contract,-0.04698893813039296,27,0.24862888482632542
2009-10-30,expand,-0.052058392576255684,21,0.4137720901889092
2009-11-30,contract,0.02951132253387434,29,0.24787363304981774
2009-11-30,expand,0.037139004595530226,20,0.4131227217496962
2009-12-30,contract,-0.023577782706828997,25,0.2469806763285024
2009-12-30,expand,-0.015880925230565338,19,0.411231884057971
2010-01-29,contract,-0.006367379272715967,28,0.24819277108433735
2010-01-29,expand,-0.004025066295386828,22,0.41325301204819276
2010-02-26,contract,0.019353560894812376,29,0.2489451476793249
2010-02-26,expand,0.011897001076821933,24,0.41470765521398434
2010-03-31,contract,-0.000136716093150187,28,0.2529016493585828
2010-03-31,expand,-0.021236391519031943,23,0.42089187538179595
2010-04-30,contract,-0.04240335231047155,25,0.25555555555555554
2010-04-30,expand,-0.044679613639239085,22,0.42592592592592593
2010-05-31,contract,0.02578358116398866,28,0.25200246457178066
2010-05-31,expand,0.03570536814805607,19,0.4195933456561922
2010-06-30,contract,0.029558500050539664,23,0.2501540357362908
2010-06-30,expand,0.02843699717113901,14,0.4165126309303758
2010-07-30,contract,-0.005287715250731731,26,0.24984653161448742
2010-07-30,expand,0.002727164239329463,16,0.4162062615101289
2010-08-31,contract,0.04089096749639203,26,0.24893227577791335
2010-08-31,expand,0.05969338628715194,15,0.41488712629652225
2010-09-30,contract,0.051495544998581444,24,0.248934875228241
2010-09-30,expand,0.041901482648364685,13,0.41509433962264153
2010-10-29,contract,-0.02350872045316712,28,0.25
2010-10-29,expand,-0.023651625971835833,12,0.4162621359223301
2010-11-30,contract,0.01667578821355679,29,0.24909310761789602
2010-11-30,expand,0.03666285798105268,17,0.4153567110036276
2010-12-30,contract,-0.013015451874614878,27,0.2501510574018127
2010-12-30,expand,-0.012932301848653904,17,0.4169184290030212
2011-01-31,contract,-0.012934234513430358,29,0.25075346594333936
2011-01-31,expand,-0.004743202151095066,20,0.41832429174201324
2011-02-28,contract,0.06255573130199163,29,0.25195429945880937
2011-02-28,expand,0.07077969658870463,22,0.4197233914612147
2011-03-31,contract,0.016341104273782877,25,0.2539298669891173
2011-03-31,expand,-0.004272153251634794,18,0.42321644498186217
2011-04-29,contract,-0.022215273650184258,28,0.25332527206771466
2011-04-29,expand,-0.022123740214745388,23,0.42200725513905685
2011-05-31,contract,0.005843618218134781,27,0.2498494882600843
2011-05-31,expand,0.009666691308194785,17,0.41661649608669477
2011-06-30,contract,0.09823984219036828,28,0.24820143884892087
2011-06-30,expand,0.08135808566864802,17,0.4136690647482014
2011-07-29,contract,-0.09049182873021328,27,0.24865831842576028
2011-07-29,expand,-0.08969543072116727,23,0.41383422778771617
2011-08-31,contract,-0.051286954987389326,25,0.24836601307189543
2011-08-31,expand,-0.0646630568648198,13,0.41414141414141414
2011-09-30,contract,0.04834497679589188,26,0.24807578448786263
2011-09-30,expand,0.046205034721662756,19,0.4132622853759621
2011-10-31,contract,0.01854730603495061,27,0.24719101123595505
2011-10-31,expand,0.03101087924416866,18,0.4115907746895328
2011-11-30,contract,0.016302325482628336,28,0.24718435091879076
2011-11-30,expand,0.008694523812900362,22,0.41197391819798457
2011-12-29,contract,0.09043823821498807,28,0.24836988737403676
2011-12-29,expand,0.12069503457958301,19,0.41315945465323056
2012-01-31,contract,0.05689636871962671,28,0.24866785079928952
2012-01-31,expand,0.05296980688313027,24,0.4144464179988159
2012-02-29,contract,0.010302156649692954,28,0.24676850763807284
2012-02-29,expand,-0.008914594793117877,23,0.4112808460634548
2012-03-30,contract,-0.011455151221787748,27,0.24720423778693348
2012-03-30,expand,-0.02220360926731858,20,0.4120070629782225
2012-04-30,contract,-0.035484473650925975,29,0.24734982332155478
2012-04-30,expand,-0.03749305999818702,22,0.4122497055359246
2012-05-31,contract,0.01599382442673127,25,0.24660766961651917
2012-05-31,expand,0.007656670380528202,21,0.4112094395280236
2012-06-29,contract,-0.0021443288876254484,27,0.24601769911504426
2012-06-29,expand,0.0056597170340917935,22,0.41002949852507375
2012-07-31,contract,0.06333039821349695,24,0.24413145539906103
2012-07-31,expand,0.04763268206863454,21,0.4072769953051643
2012-08-31,contract,0.05063282219507872,25,0.24414519906323184
2012-08-31,expand,0.009084777773401212,14,0.4063231850117096
2012-09-28,contract,-0.01660474296613041,30,0.24486200822078685
2012-09-28,expand,-0.027898786358518505,23,0.40751614797416325
2012-10-31,contract,0.011964947535837163,25,0.24411764705882352
2012-10-31,expand,0.016983781579122333,15,0.40705882352941175
2012-11-30,contract,0.0005371845753307418,29,0.24381625441696114
2012-11-30,expand,0.010265029373649022,21,0.40636042402826855
2012-12-28,contract,0.003443248229445325,29,0.24453632604843473
2012-12-28,expand,0.000966958059808726,21,0.4075605434140579
2013-01-31,contract,0.03911165826561638,28,0.24482554701360143
2013-01-31,expand,0.0352954644712983,24,0.4080425783560024
2013-02-28,contract,0.041295027048444725,27,0.24466824644549762
2013-02-28,expand,0.018919076839825327,19,0.4075829383886256
2013-03-29,contract,0.051798900290489905,28,0.24466824644549762
2013-03-29,expand,0.04183461179580119,19,0.4075829383886256
2013-04-30,contract,0.03914555934292442,30,0.24554102259215219
2013-04-30,expand,0.05583696672384166,22,0.4084423305588585
2013-05-31,contract,-0.0801911403229654,27,0.24494649227110582
2013-05-31,expand,-0.07544163687513696,22,0.40784780023781214
2013-06-28,contract,0.03785136408932189,28,0.24478856462179868
2013-06-28,expand,0.0349669640829793,21,0.40738534842167956
2013-07-31,contract,0.037683887004012054,28,0.2433234421364985
2013-07-31,expand,0.020200611326014178,23,0.4053412462908012
2013-08-30,contract,0.04048972225157913,28,0.24465558194774348
2013-08-30,expand,0.020712051842646382,21,0.40736342042755347
2013-09-30,contract,-0.002553092798098246,26,0.24465558194774348
2013-09-30,expand,-0.008940666118684578,22,0.407957244655582
2013-10-31,contract,0.014339831830659849,29,0.24407582938388625
2013-10-31,expand,0.021737748752890296,23,0.40699052132701424
2013-11-29,contract,-0.004976607561494184,29,0.24511545293072823
2013-11-29,expand,0.0032671006753502985,22,0.4079336885731202
2013-12-30,contract,-0.016826907476524686,27,0.2458628841607565
2013-12-30,expand,-0.03425019164521416,19,0.4095744680851064
2014-01-29,contract,0.017033934897379897,29,0.2473435655253837
2014-01-29,expand,0.004171396514144846,24,0.41204250295159384
2014-02-28,contract,0.024382503200824832,28,0.24822695035460993
2014-02-28,expand,0.01690257228604456,23,0.41312056737588654
2014-03-31,contract,0.018720148001856257,28,0.24734982332155478
2014-03-31,expand,0.001351039064456605,22,0.4122497055359246
2014-04-30,contract,-0.010667814773466464,27,0.24749558043606365
2014-04-30,expand,-0.005729896503406978,17,0.41190335886859164
2014-05-30,contract,0.00737440976999559,29,0.24588235294117647
2014-05-30,expand,-0.00022883413342086273,23,0.41
2014-06-30,contract,0.03976697919636586,28,0.2454598711189221
2014-06-30,expand,0.028195119178919138,21,0.408904510837727
2014-07-31,contract,0.023169714272266752,28,0.24403028538147933
2014-07-31,expand,0.01253164114640477,22,0.40652300524170065
2014-08-29,contract,-0.012727698019791487,25,0.24349334875650666
2014-08-29,expand,-0.008815926513226748,19,0.40543666859456334
2014-09-30,contract,-0.026575862819893003,29,0.24494511842865396
2014-09-30,expand,-0.01734095837299652,20,0.4078567302137493
2014-10-31,contract,-0.013237452320333324,27,0.24466243508366994
2014-10-31,expand,-0.0069846504978911626,19,0.40738603577611077
2014-11-28,contract,-0.03146321133539874,28,0.24581650317368725
2014-11-28,expand,-0.03624161432889901,25,0.40911713791113674
2014-12-30,contract,-0.013513851258773805,27,0.24797687861271675
2014-12-30,expand,-0.01990082377299181,18,0.41271676300578036
2015-01-30,contract,0.04060465318266538,26,0.2520184544405998
2015-01-30,expand,0.03845290801953856,20,0.419838523644752
2015-02-27,contract,0.04892441296768959,28,0.25172811059907835
2015-02-27,expand,0.045292165390472726,22,0.41877880184331795
2015-03-31,contract,0.08489867602445773,27,0.25129384703852786
2015-03-31,expand,0.11573534518710364,17,0.4186313973548016
2015-04-30,contract,-0.004215443684782652,25,0.25071551230681166
2015-04-30,expand,-0.002314105130134342,20,0.41728677733257014
2015-05-29,contract,-0.04458925523346187,29,0.2511441647597254
2015-05-29,expand,-0.050529644268142236,20,0.4181922196796339
2015-06-30,contract,-0.01642354483363267,29,0.25157232704402516
2015-06-30,expand,0.0005459590661808868,21,0.41909662664379643
2015-07-31,contract,-0.05513205157197692,26,0.2526973310618966
2015-07-31,expand,-0.06009853492247922,19,0.42135150482680295
2015-08-31,contract,0.018671105817587734,25,0.24888641425389754
2015-08-31,expand,0.02929003403301104,17,0.4142538975501114
2015-09-30,contract,0.028063054960645626,30,0.25041736227045075
2015-09-30,expand,0.03225272473134353,23,0.41680578742348356
2015-10-30,contract,-0.028977200138471586,28,0.25083426028921024
2015-10-30,expand,-0.03162846113403207,23,0.41824249165739713
2015-11-30,contract,-0.004181954283939125,29,0.2519422863485017
2015-11-30,expand,-0.003692303462907826,21,0.4195338512763596
2015-12-30,contract,-0.018936837729506106,24,0.25193370165745854
2015-12-30,expand,-0.0026024354265577515,15,0.4198895027624309
2016-01-29,contract,-0.006967881660130364,28,0.25412541254125415
2016-01-29,expand,-0.009180144103289947,24,0.4235423542354235
2016-02-29,contract,0.06449054009031704,28,0.2516304347826087
2016-02-29,expand,0.051803906670114065,20,0.4190217391304348
2016-03-31,contract,0.030445653585144956,29,0.2510822510822511
2016-03-31,expand,0.025589557929564223,22,0.41883116883116883
2016-04-29,contract,-0.005871776335441079,25,0.2506724045185584
2016-04-29,expand,-0.023259134571739833,17,0.4174287251210328
2016-05-31,contract,-0.035117300639802146,25,0.2495982860203535
2016-05-31,expand,-0.03499338764806418,17,0.4156400642742367
2016-06-30,contract,0.07497679948260123,22,0.2482685135855088
2016-06-30,expand,0.07845821355865436,17,0.41342567927543955
2016-07-29,contract,-0.008686476118316735,27,0.2478813559322034
2016-07-29,expand,-0.006506500059077513,26,0.4126059322033898
2016-08-31,contract,-0.009556637926947744,23,0.24567836563645887
2016-08-31,expand,-0.014284213104445213,16,0.40963855421686746
2016-09-30,contract,-0.026699164144219592,27,0.24581589958158995
2016-09-30,expand,-0.03228642340671691,21,0.40951882845188287
2016-10-31,contract,-0.025650924906584684,25,0.24569640062597808
2016-10-31,expand,-0.03769872605300716,17,0.4094940010432968
2016-11-30,contract,0.009094419145239658,28,0.24648985959438377
2016-11-30,expand,0.015263221550549443,15,0.4108164326573063
2016-12-29,contract,-0.026423743836459294,28,0.24804992199687986
2016-12-29,expand,-0.025977388907294976,22,0.4128965158606344
2017-01-31,contract,0.019980832032421333,30,0.24922118380062305
2017-01-31,expand,0.021254840362683953,26,0.4148494288681205
2017-02-28,contract,0.025235968834076264,27,0.24870466321243523
2017-02-28,expand,0.028244515172400265,20,0.4139896373056995
2017-03-31,contract,0.017776090626608083,24,0.24780588538977802
2017-03-31,expand,0.022550086043584373,17,0.41300980898296336
2017-04-28,contract,0.05129883278292797,29,0.24819401444788441
2017-04-28,expand,0.05050809998693697,21,0.41382868937048506
2017-05-31,contract,0.016934349642751492,26,0.2480699948533196
2017-05-31,expand,0.014227237456940083,19,0.41379310344827586
2017-06-30,contract,-0.0018355595254787253,27,0.24820512820512822
2017-06-30,expand,0.004349130362642179,19,0.41333333333333333
2017-07-31,contract,-0.025019042518504755,23,0.24783273839877615
2017-07-31,expand,-0.021025972623338957,19,0.4125446200917899
2017-08-31,contract,-0.04861184221212733,22,0.24708269913749364
2017-08-31,expand,-0.05621436861508609,15,0.41146626078132925
2017-09-29,contract,0.009660812648544681,27,0.24797160243407707
2017-09-29,expand,-0.003487269621282929,20,0.4127789046653144
2017-10-31,contract,-0.012528610435044154,28,0.24835609509357612
2017-10-31,expand,-0.016962808294025893,20,0.4132524026302479
2017-11-30,contract,-0.00561110627871259,26,0.248234106962664
2017-11-30,expand,-0.0039124032569146485,20,0.41321897073662966
2017-12-28,contract,0.06217208265453252,24,0.24823766364551864
2017-12-28,expand,0.06705799543508664,18,0.41389728096676737
2018-01-31,contract,-0.02872148557476357,28,0.24874623871614845
2018-01-31,expand,-0.0435433836277274,17,0.41424272818455365
2018-02-28,contract,0.0019315886240906137,26,0.24862155388471177
2018-02-28,expand,0.0025320796915196063,15,0.4145363408521303
2018-03-30,contract,0.03044053884231525,24,0.24750499001996007
2018-03-30,expand,0.03797437256238708,14,0.4126746506986028
2018-04-30,contract,-0.00850168529096413,27,0.24676616915422886
2018-04-30,expand,0.0007312520162694458,16,0.4109452736318408
2018-05-31,contract,-0.03346556006815056,25,0.2456661713719663
2018-05-31,expand,-0.032015700639172744,17,0.4091134224863794
2018-06-29,contract,-0.0031463820662882944,23,0.24542305789213262
2018-06-29,expand,0.024419474205104718,12,0.4087085601187531
2018-07-31,contract,-0.004781490959089381,27,0.245069033530572
2018-07-31,expand,0.005307387209863176,17,0.40828402366863903
2018-08-31,contract,0.0154494003287878,30,0.24411764705882352
2018-08-31,expand,0.020237275691699887,22,0.4068627450980392
2018-09-28,contract,-0.12944061783421945,27,0.24619164619164619
2018-09-28,expand,-0.10359797299012066,19,0.4098280098280098
2018-10-31,contract,0.04037967652685263,23,0.2463199214916585
2018-10-31,expand,0.036927445734836896,16,0.4102060843964671
2018-11-30,contract,-0.02834995832050668,28,0.246078431372549
2018-11-30,expand,-0.027650040300797284,23,0.40980392156862744
2018-12-28,contract,0.06092783983266129,29,0.24791768740813327
2018-12-28,expand,0.06607518682592818,22,0.4130328270455659
2019-01-31,contract,0.005759185031174501,29,0.2501223690651003
2019-01-31,expand,0.00739209483077927,27,0.4170337738619677
2019-02-28,contract,-0.0184541366931358,26,0.24963361016121152
2019-02-28,expand,-0.021399923711452558,25,0.41621885686370297
2019-03-29,contract,0.02984173633315049,26,0.2487852283770651
2019-03-29,expand,0.021930166292526004,21,0.4139941690962099
2019-04-30,contract,-0.04858958645659873,24,0.24866956942428642
2019-04-30,expand,-0.04935001817292388,20,0.4141267537493953
2019-05-31,contract,0.0573115999426207,25,0.24830917874396136
2019-05-31,expand,0.061374075824426506,22,0.41352657004830917
2019-06-28,contract,-0.03412606580066506,26,0.24831568816169394
2019-06-28,expand,-0.038031213139341366,23,0.41337824831568815
2019-07-31,contract,-0.0387772431064613,28,0.2467780429594272
2019-07-31,expand,-0.03831549686219152,22,0.4109785202863962
2019-08-30,contract,0.014072865847095955,25,0.24492685228881547
2019-08-30,expand,0.014918807790113838,21,0.4082114204813591
2019-09-30,contract,-0.017523236665518777,28,0.24645892351274787
2019-09-30,expand,-0.01761111377506134,25,0.41029272898961283
2019-10-31,contract,0.006850264199569635,27,0.24611032531824611
2019-10-31,expand,0.006011334471999162,19,0.4101838755304102
2019-11-29,contract,-0.016458149439377897,26,0.2468265162200282
2019-11-29,expand,-0.01736008743574506,18,0.4113775270333804
2019-12-30,contract,-0.05278467039995112,25,0.24894117647058825
2019-12-30,expand,-0.06523471802221875,16,0.41505882352941176
2020-01-31,contract,-0.06945681149494454,22,0.25
2020-01-31,expand,-0.070030827926835,17,0.4160412757973734
2020-02-28,contract,-0.10871170086583103,27,0.24941506785212916
2020-02-28,expand,-0.09756054874312677,19,0.41506785212915304
2020-03-31,contract,0.1481636334649356,26,0.24848484848484848
2020-03-31,expand,0.1632634890993973,17,0.413986013986014
2020-04-29,contract,0.033650260346469625,26,0.2482566248256625
2020-04-29,expand,0.018554235836832238,19,0.4132961413296141
2020-05-29,contract,0.050153556050467694,25,0.24814126394052044
2020-05-29,expand,0.070997483967055,20,0.41310408921933084
2020-06-30,contract,0.050900470667257156,23,0.24687355257063456
2020-06-30,expand,0.051021000587522236,18,0.4113015284854099
2020-07-31,contract,0.009575939458604268,27,0.24563017479300828
2020-07-31,expand,0.004100289908840154,23,0.4089236430542778
2020-08-31,contract,0.007886659048987825,27,0.2444038373686615
2020-08-31,expand,0.012507358564240068,16,0.40703517587939697
2020-09-29,contract,-0.014479899302855932,25,0.24498175182481752
2020-09-29,expand,-0.006305153705096669,16,0.40784671532846717
2020-10-30,contract,0.08784842063111509,25,0.24555808656036446
2020-10-30,expand,0.08952529226083235,21,0.4091116173120729
2020-11-30,contract,0.07478290753308282,28,0.24556616643929058
2020-11-30,expand,0.0482356720829268,21,0.4092769440654843
2020-12-30,contract,-0.04420667748611592,27,0.24636363636363637
2020-12-30,expand,-0.0424860654022906,21,0.41045454545454546
2021-01-29,contract,0.045733818390915,28,0.24795640326975477
2021-01-29,expand,0.049977131261238705,25,0.4128065395095368
2021-02-26,contract,0.12955886291257956,27,0.24784775713638424
2021-02-26,expand,0.07369182873678928,22,0.4132306298142275
2021-03-31,contract,0.10764947107966578,23,0.24819494584837545
2021-03-31,expand,0.09062027566364995,14,0.41335740072202165
2021-04-30,contract,0.08597071302729926,24,0.24808988764044942
2021-04-30,expand,0.06232734528621465,19,0.4134831460674157
2021-05-31,contract,0.039950620204187735,19,0.2478709099058718
2021-05-31,expand,0.0472923072692386,15,0.41281936351411924
2021-06-30,contract,-0.011842114158398946,26,0.2489923869234214
2021-06-30,expand,-0.017001310461860587,23,0.4146887595163457
2021-07-30,contract,-0.039926404663547174,26,0.24888093106535364
2021-07-30,expand,-0.04616095912623734,22,0.41450313339301703
2021-08-31,contract,0.00023123635540855947,23,0.2475512021371327
2021-08-31,expand,0.013061344795586452,19,0.41228851291184326
2021-09-30,contract,-0.0043438856128225735,25,0.24811027123165852
2021-09-30,expand,-0.0014393396429505777,23,0.4130724766562917
2021-10-29,contract,-0.06549659368728175,28,0.24767390341160833
2021-10-29,expand,-0.05580770473193466,19,0.41249446167478954
2021-11-30,contract,0.08151354537216969,27,0.247682119205298
2021-11-30,expand,0.09110755915905554,20,0.4123620309050773
2021-12-30,contract,-0.07810257996685759,24,0.2482363315696649
2021-12-30,expand,-0.0703650718650567,19,0.41358024691358025
2022-01-28,contract,0.011055412318001959,29,0.24769433465085638
2022-01-28,expand,0.014233410404912727,25,0.41238471673254284
2022-02-28,contract,0.02834474916055166,24,0.24736842105263157
2022-02-28,expand,0.02944427837012616,20,0.4118421052631579
2022-03-31,contract,-0.00012488990880850321,29,0.24835454146555508
2022-03-31,expand,-0.0032685400570302025,25,0.4133391838525669
2022-04-29,contract,-0.02551717282390009,24,0.24803149606299213
2022-04-29,expand,-0.005322493871249756,17,0.41338582677165353
2022-05-31,contract,-0.09322482495961232,27,0.24749455337690632
2022-05-31,expand,-0.09616478592934903,23,0.4122004357298475
2022-06-30,contract,0.02009043113767067,27,0.24588031222896792
2022-06-30,expand,0.026945402355027168,16,0.4098005203816132
2022-07-29,contract,-0.005470095776659765,25,0.2454702329594478
2022-07-29,expand,-0.007574199217979264,22,0.4089732528041415
2022-08-31,contract,-0.04716861840688053,28,0.24601464885825075
2022-08-31,expand,-0.03921105778197635,25,0.4101680310211116
2022-09-30,contract,-0.0010607121300087571,28,0.2471958584987058
2022-09-30,expand,0.017899966158038946,21,0.41199309749784296
2022-10-31,contract,0.039510628838745926,26,0.2466695315857327
2022-10-31,expand,0.04340180487281083,17,0.411259131929523
2022-11-30,contract,-0.01498333452103515,28,0.24774581365392873
2022-11-30,expand,-0.014053159692125802,24,0.41305281236582225
2022-12-29,contract,0.009524207959714823,26,0.24839400428265523
2022-12-29,expand,0.005099317499192539,19,0.4137044967880086
2023-01-31,contract,-0.007933344079494357,27,0.24914383561643835
2023-01-31,expand,-0.01895306185023223,20,0.4152397260273973
2023-02-28,contract,-0.0011193999087175934,29,0.24914529914529915
2023-02-28,expand,0.011205195393611539,25,0.414957264957265
2023-03-31,contract,-0.02252586934460894,28,0.2488282914358756
2023-03-31,expand,-0.030076964021885134,23,0.4145717937792927
2023-04-28,contract,-0.013061788193190102,26,0.2492556358996172
2023-04-28,expand,-0.032627141169477895,21,0.41556784347086345
2023-05-31,contract,-0.04714816070746692,28,0.24883425180161084
2023-05-31,expand,-0.049626113731443725,22,0.4145824501907588
2023-06-30,contract,-0.03523796586669412,26,0.24757894736842107
2023-06-30,expand,-0.03375249694667541,24,0.4126315789473684
2023-07-31,contract,0.056365458954805936,29,0.2476948868398994
2023-07-31,expand,0.0553150745791496,21,0.41282481139983235
2023-08-31,contract,-0.013667357813370156,28,0.24791318864774625
2023-08-31,expand,-0.012914727582086144,24,0.412771285475793
2023-09-27,contract,-0.0034701756087914936,27,0.24854045037531275
2023-09-27,expand,0.013300676418685807,18,0.41451209341117595
2023-10-31,contract,0.03686593675934015,26,0.24895920066611157
2023-10-31,expand,0.034973651544446184,17,0.414654454621149
2023-11-30,contract,0.012494931847771455,28,0.2488593944421402
2023-11-30,expand,0.012432281950170711,23,0.4143508917461634
2023-12-28,contract,0.005349158356801797,26,0.2504145936981758
2023-12-28,expand,0.007761102512463353,23,0.41708126036484244
2024-01-31,contract,0.04935732999775156,28,0.2506203473945409
2024-01-31,expand,0.05402324617050795,21,0.4172870140612076
2024-02-29,contract,0.005994809227357564,17,0.24969097651421507
2024-03-29,contract,0.0031356174533709066,29,0.24938474159146842
2024-03-29,expand,0.0054875351585784715,20,0.4155045118949959
2024-04-30,contract,0.006450563544981614,26,0.2490812576561862
2024-04-30,expand,0.005355146241656993,18,0.4148632094732544
2024-05-31,contract,0.00891737715938383,24,0.2490827558092132
2024-05-31,expand,0.014236323519898906,14,0.41459437423562984
2024-06-28,contract,0.008868164835223291,26,0.2490842490842491
2024-06-28,expand,0.007721745474673414,15,0.41514041514041516
2024-07-31,contract,-0.020722040229867258,26,0.24778046811945117
2024-07-31,expand,-0.01907973072939806,17,0.4128329297820823
2024-08-30,contract,-0.004591425842131879,28,0.24738535800482703
2024-08-30,expand,-0.0036017789102102153,11,0.41190667739340303
2024-09-30,contract,-0.002181213606364247,24,0.24819277108433735
2024-09-30,expand,0.006656553475849709,16,0.41325301204819276
2024-10-31,contract,-0.0039047581683268585,27,0.24739791833466773
2024-10-31,expand,0.0018872523677437602,13,0.41232986389111287
2024-11-29,contract,-0.028136929874890602,27,0.248
2024-11-29,expand,-0.03869179348266669,17,0.4132
2024-12-30,contract,0.022169913972458023,23,0.24920127795527156
2024-12-30,expand,0.04216176253314361,12,0.41493610223642174
2025-01-31,contract,0.006279927533050511,27,0.24940143655227454
2025-01-31,expand,0.0101577476164155,18,0.4158020750199521
2025-02-28,contract,-0.029021569395996427,25,0.24910465578989255
2025-02-28,expand,-0.03648668718373344,13,0.415041782729805
2025-03-31,contract,0.06612315595934942,27,0.2487108290360968
2025-04-30,contract,0.0638752028736293,27,0.24861441013460014
2025-04-30,expand,0.07221468043161929,17,0.4140934283452098
2025-05-30,contract,0.045119931777571703,26,0.24881141045958796
2025-05-30,expand,0.049705598247497304,13,0.4144215530903328
2025-06-30,contract,0.0446221205883834,27,0.24920760697305863
2025-06-30,expand,0.057948184662921766,14,0.4152139461172742
2025-07-31,contract,-0.01877032062540218,26,0.247244094488189
2025-07-31,expand,-0.01805270948215546,16,0.41181102362204725
2025-08-29,contract,-0.008848809767694981,25,0.24656458578720064
2025-08-29,expand,-0.0017608609567383398,12,0.4106792304672163
2025-09-30,contract,-0.005463615898126925,24,0.2474469756480754
2025-09-30,expand,-0.014583195631492556,13,0.41201885310290653
2025-10-31,contract,0.01931139254926046,28,0.24647335423197492
2025-10-31,expand,0.019910305507199542,15,0.4106583072100313
2025-11-28,contract,0.008654353128882358,24,0.24550430023455824
2025-11-28,expand,-0.014674179161857306,12,0.40891321344800624
2025-12-30,contract,0.008945011529069655,28,0.2474469756480754
2025-12-30,expand,0.005470379941831889,15,0.4124116260801257
2026-01-30,contract,0.09547990429935603,27,0.24872698785742264
2026-01-30,expand,0.15225307167530178,11,0.4144144144144144
2026-02-27,contract,-0.02919226580610076,24,0.24784313725490195
2026-02-27,expand,-0.018041978016039642,11,0.41294117647058826
2026-03-31,contract,0.07227185501733781,24,0.2470634299138606
2026-03-31,expand,0.09850983570470846,12,0.4119028974158183
2026-04-30,contract,-0.007625455854193242,27,0.24629773967264224
2026-04-30,expand,-0.0072943179163404695,23,0.4099766173031956
