formation_date,eligible_universe_return,반전(1개월),모멘텀(6개월),저변동성,소형주,반전(1개월)_z,모멘텀(6개월)_z,저변동성_z,소형주_z,failed_signals,following_month_market_return
2000-08-31,-0.09348881608380538,-0.21784882441572026,-0.2555427047592057,0.007861230819283827,-0.10143698572289078,,,,,0,-0.1228667860301656
2000-09-29,-0.1228667860301656,-0.19012762559556476,-0.18831190816876062,-0.06982468801627557,-0.30787561737888836,,,,,0,0.0421604639611734
2000-10-31,0.0421604639611734,0.007843357457013637,-0.19148705395743224,0.006709607991291896,0.28094300417560114,,,,,0,-0.1374680609658413
2000-11-30,-0.1374680609658413,-0.08059229203361322,-0.19799811921653762,-0.0036305835210236077,-0.08181012126903472,,,,,0,0.4019759455498345
2000-12-26,0.4019759455498345,0.788704171302944,0.10723119107926052,0.057267911947179756,0.21181774864313271,,,,,0,0.05820723861079337
2001-01-31,0.05820723861079337,-0.05837114848275755,-0.01898472568429148,0.04565326679761251,0.23626975895776353,,,,,0,-0.08487801331371969
2001-02-28,-0.08487801331371969,-0.17848755228242402,-0.1854926219939158,-0.018474503210747003,0.2245362215908691,,,,,0,0.060977238851830505
2001-03-30,0.060977238851830505,-0.01818477238976763,-0.04909412818392358,0.012622196515728023,0.016635951912285896,,,,,0,0.12361905528523386
2001-04-30,0.12361905528523386,0.24130488380117507,0.042135827195911156,0.1050985276006414,0.22047220268235976,,,,,0,-0.006891535780471864
2001-05-31,-0.006891535780471864,-0.0014871850496763835,-0.07819395294376258,0.04142311174154616,0.12270251302027986,,,,,0,-0.10629912727868202
2001-06-29,-0.10629912727868202,0.29734058945983943,-0.06173997309663521,-0.05675688881609685,0.03455277175689277,,,,,0,-0.05519239558157916
2001-07-31,-0.05519239558157916,-0.10414665590574372,-0.19021488282580465,-0.024404653214826908,0.1669753092912872,,,,,0,-0.1507229785561449
2001-08-31,-0.1507229785561449,-0.2913802647212335,-0.2101342486186772,-0.06611599511735029,-0.27376419660504925,,,,,0,0.19456989531168542
2001-09-28,0.19456989531168542,0.31348885763105433,0.27241637941402247,0.05555761661403942,0.4185923830345805,,,,,0,0.09477578843641983
2001-10-31,0.09477578843641983,0.004630410402524698,-0.04325886169748903,0.060109379553363734,0.16216554098294053,,,,,0,-0.006309332387568158
2001-11-30,-0.006309332387568158,-0.2027874693308214,0.03317731469812792,0.03368796357311843,-0.03930990130569787,,,,,0,0.11264615207467156
2001-12-28,0.11264615207467156,0.011376260437274665,0.0724289933304154,0.03343300730961005,0.004987886245657258,,,,,0,0.027646927327755994
2002-01-31,0.027646927327755994,-0.15369114711194168,-0.0595659132639955,0.06730824384814924,-0.1835425895818732,,,,,0,0.11483339916563144
2002-02-28,0.11483339916563144,0.058390433800247436,0.1355581630227378,0.0900514659156384,-0.054331940450021335,,,,,0,-0.1245638942191818
2002-03-29,-0.1245638942191818,0.009179101385327697,-0.2231953969325328,0.3246476499544793,0.22950707696031866,,,,,0,-0.027643652815162137
2002-04-30,-0.027643652815162137,0.0007914443669107096,-0.014061643921851568,0.06126923767006429,0.02107807746397389,,,,,0,-0.1159443844181033
2002-05-31,-0.1159443844181033,-0.1542255511987995,-0.21862852107441602,-0.043071611389608355,-0.03056710171075799,,,,,0,-0.0020775147161333288
2002-06-28,-0.0020775147161333288,0.12040163599912138,-0.09156971447779275,0.021834380009434384,0.03982072096461869,,,,,0,0.025852949912038427
2002-07-31,0.025852949912038427,0.008956470871067265,-0.034894265929399974,0.05934811453741983,-0.0008364264864972733,,,,,0,-0.17150136343126907
2002-08-30,-0.17150136343126907,-0.3600096718463963,-0.17161352868454013,-0.001146669328317588,-0.16179422355998133,-1.619093442061215,-0.7652542236302906,-0.44024157627854316,-1.2139962369812152,2,0.047233007012176156
2002-09-30,0.047233007012176156,0.23391048505463122,-0.039407938092569775,0.005059415326007799,0.07139653763152452,1.0212727498927514,0.25096965461197746,-0.3495237802789489,0.13978076114021115,0,0.029861276589930666
2002-10-31,0.029861276589930666,-0.046833256134193584,0.13538342525688674,-0.0026666130768105423,0.087250166654706,-0.2133028742172313,1.5834321805021343,-0.4441591998987659,0.22696318801069776,0,-0.10394380694577238
2002-11-29,-0.10394380694577238,0.9791527820498935,-0.13714388569315572,-0.0505814324488122,0.9635087686930099,4.241354920786455,-0.5458571612972475,-1.0771032804511689,5.281647466385627,1,0.00017733891635153624
2002-12-30,0.00017733891635153624,1.2487084503275105,-0.045075991177985254,-0.03703455326534155,0.09710619993410044,4.150715263795839,0.16184931667618835,-0.8550841617421115,0.06496763888009718,0,-0.006012096828645564
2003-01-30,-0.006012096828645564,0.017796242022187603,-0.11585217912429911,-0.01014965764205334,-0.003300950519224777,-0.16548900488063933,-0.3849956203867765,-0.4683083646859204,-0.35783835428918387,0,-0.11919688507068942
2003-02-28,-0.11919688507068942,-0.28472699812523405,-0.12293792064666391,-0.04372987734878911,-0.19696976314870324,-1.0066910097578177,-0.4330754938206285,-0.9169680818092156,-1.1772444793198917,2,0.17127067037264201
2003-03-31,0.17127067037264201,0.1219745223336201,0.03798416917315028,0.06949821686396712,0.14679426425324507,0.16042918658844516,0.8482421320998711,0.6589472903674589,0.3250227618317174,0,0.09471829910472156
2003-04-30,0.09471829910472156,0.0024024651272594047,0.09964658869892698,0.02576355263642128,0.16206553536298815,-0.1811388024322349,1.3160424767704533,0.040388719732902444,0.38524844406683484,0,0.0546232395217579
2003-05-30,0.0546232395217579,0.04421584275594916,0.03337742608727696,-0.001755774038654671,0.25991001600008196,-0.057967579870462034,0.741442090355234,-0.34634869956669273,0.8055118735285137,0,-0.004934584946513742
2003-06-30,-0.004934584946513742,-0.06979701609805655,0.04195134033775324,-0.009591344123892506,0.037322340597168394,-0.3905042668835604,0.7927138027294143,-0.4522021742840321,-0.19026939237331889,0,-0.008560484753616645
2003-07-31,-0.008560484753616645,-0.14686774059340227,0.09759714680368452,0.00960387627491206,-0.0941843030137178,-0.6124215637153732,1.217992211734971,-0.16825802172745336,-0.772808994891291,0,-0.062090204545538624
2003-08-29,-0.062090204545538624,0.008384869540751405,-0.14168510870739834,-0.014881619024016546,-0.005273038123998605,-0.13690542271923795,-0.7183120715620712,-0.5233479649518149,-0.35777483944456434,0,0.006642006393780001
2003-09-30,0.006642006393780001,-0.007161780492987842,0.10061252343525276,-0.013457795701258915,-0.03285443132304674,-0.2040670476660247,1.213092630387967,-0.4916980100746567,-0.49678562797915,0,0.004683283466679318
2003-10-31,0.004683283466679318,-0.04372622347019495,-0.06937899089522674,0.010993005159345608,-0.03245501270199653,-0.3322785435842459,-0.2417548062114222,-0.16224036891152677,-0.5520913821430585,0,0.010779595649722449
2003-11-28,0.010779595649722449,-0.02839847758214383,0.052783951507762134,0.003043068400704241,0.12136817900484648,-0.28100388218135885,0.7451282410434829,-0.2823351904669406,0.21411037883207332,0,-0.02248532306171906
2003-12-30,-0.02248532306171906,-0.05711974437827476,0.028027834320343274,0.012239264808297326,-0.01068123258607256,-0.37324632940137054,0.4899297569026625,-0.14842626187576166,-0.4425484126126669,0,-0.002436558771596844
2004-01-30,-0.002436558771596844,-0.030773613144348434,-0.05973658414327576,0.015839294861440374,-0.051722177425992936,-0.2389240285382622,-0.24349442590035467,-0.0764825808021478,-0.6111598051611655,0,-0.008658734102371824
2004-02-27,-0.008658734102371824,-0.13233977157882043,-0.048603624122202975,-0.02005876388437287,0.010222304000703075,-0.5749338967414366,-0.13711609223785587,-0.6018367245506506,-0.27676012516438425,0,0.04720437307862776
2004-03-31,0.04720437307862776,0.010094956974288864,0.1572944579493109,0.013949708982154908,0.07768719572728786,-0.11201851995260118,1.6556249253247943,-0.09183156645575684,0.0773411958329182,0,-0.08383787499443658
2004-04-30,-0.08383787499443658,-0.09023691030491739,-0.10613655647006236,-0.0407547734364635,-0.034242139558651075,-0.44499385633232774,-0.7107831342866218,-0.9113610767041722,-0.47422154757776847,0,-0.026095510028713752
2004-05-31,-0.026095510028713752,0.05563130604203306,-0.06943945423419946,-0.0004306296547785767,0.24276641172575575,0.06583590795631711,-0.36007813918184556,-0.25033380298796604,0.9101086262365248,0,-0.05990313437922003
2004-06-30,-0.05990313437922003,-0.0811486081422314,-0.20466062596065898,-0.0001313563587032644,-0.09461974858798694,-0.39145648372058084,-1.520427657554397,-0.22846988958260825,-0.7459125087389031,1,0.06081936061511272
2004-07-30,0.06081936061511272,0.09746185056404609,0.14081873223502087,0.02862883607744999,0.05554690133842108,0.23572871802625708,1.4282144314455425,0.1876947042412085,-0.002716759827325767,0,0.02111786707111132
2004-08-31,0.02111786707111132,-0.050829810293318296,-0.15374577613314291,0.04558139145828916,0.13185332231829072,-0.27810554970117446,-1.094257148760439,0.42919267941019534,0.37977536806152706,1,-0.005811264110377932
2004-09-30,-0.005811264110377932,-0.051081971974263576,0.03612204835639427,0.025909906962133324,0.10051575932045781,-0.3061814186553131,0.47698759501091065,0.07719871090412353,0.18095616198130127,0,0.06801643725144159
2004-10-29,0.06801643725144159,0.11608909273183748,0.009809225125020471,0.07698641605687813,0.23607030518743216,0.29953752414361895,0.3406815381558625,0.9064948600311954,0.9459604561721526,0,0.025483525312858194
2004-11-30,0.025483525312858194,0.02185675900259847,0.0342490625333624,0.0006275259167205023,-0.021423004614121496,-0.03493325685981838,0.55322726274851,-0.3187381386540971,-0.40998202348143103,0,0.2588959267268528
2004-12-30,0.2588959267268528,0.4004066769084458,0.46083318758650826,0.06672587577220729,0.6434529159829773,1.2552153770506254,4.508026437388847,0.7448481356414521,3.044862917709418,0,0.13016387540107952
2005-01-31,0.13016387540107952,0.14374428317895183,-0.06154598559411735,0.1891517917987104,0.17032395267949738,0.3212406451736666,-0.35003806158005935,2.6538099587327975,0.439313351625555,0,-0.05482823784858172
2005-02-28,-0.05482823784858172,-0.0619678539732011,-0.08385726105564104,0.02725543155703196,-0.23904217508300232,-0.4071909887119307,-0.5158795141623927,0.045825589923044245,-1.5371464092991276,1,-0.036780408985633825
2005-03-31,-0.036780408985633825,-0.03900503474278104,-0.16363844917939954,-0.003288290395642949,0.044253009391398215,-0.3166824072538639,-1.0816472792226803,-0.3764096787886433,-0.1668537449140563,1,0.10366888426326859
2005-04-29,0.10366888426326859,0.16567426598555118,0.3170427138190633,-0.016230312621619877,0.05546962934137533,0.38440807989380055,2.588461476215548,-0.6654760281450867,-0.09200747348068215,0,0.11259734872866906
2005-05-31,0.11259734872866906,0.13544920262370114,0.21101911519590744,0.0521268035816318,0.4868404013709341,0.26561318498157044,1.5619357739976505,0.9378518261092903,1.9077850577460589,0,0.14701455595691176
2005-06-30,0.14701455595691176,0.18153938742793677,0.11691100739079575,0.09266906095032074,0.06803906512038438,0.3975053719334082,0.8121009109736146,1.8244063422776,-0.10036399601398704,0,-0.05467992812708112
2005-07-29,-0.05467992812708112,-0.11432890440171285,-0.15272538635593555,-0.01664098589490533,0.05729257436273482,-0.6188910237878894,-1.132568169580059,-0.7152270559687742,-0.1517127258765435,1,0.14674816617131772
2005-08-31,0.14674816617131772,0.1613726472016114,0.06322039978179733,0.08723370840379338,0.13336891064581083,0.3322695238323254,0.40699262319380136,1.6405769283377885,0.1798871468950418,0,0.07757219985829533
2005-09-30,0.07757219985829533,0.09555301600280759,0.08655732421667599,0.035907442316265976,0.17310885678705512,0.06130332582210892,0.534472033306583,0.4276638125507406,0.32663526918797325,0,0.18911340300183443
2005-10-31,0.18911340300183443,0.22497873493996373,0.048982733521174084,0.17159490326840376,0.2866250934762094,0.5301457813193347,0.24312468083749955,3.3248153137830325,0.8285460225323658,0,0.014802389430048416
2005-11-30,0.014802389430048416,-0.0865204125293772,-0.1394316701726593,0.010400227976536535,0.17486199177418188,-0.5910119223265213,-1.082220640246397,-0.2137706515605472,0.29350872457751115,1,-0.01381577294597694
2005-12-29,-0.01381577294597694,0.045471822894070674,0.011253688888866568,-0.0034521830396345154,0.18049584130165114,-0.027727930262317308,-0.006194262123934683,-0.5208123737423551,0.5520897953166364,0,0.001298585956680663
2006-01-31,0.001298585956680663,-0.02204223213109558,-0.026808163221756425,-0.001818851397463269,0.09730905468873668,-0.3232423405447417,-0.2896093819858364,-0.515502411878678,0.04337343568693717,0,0.0007867641332423486
2006-02-28,0.0007867641332423486,-0.06084525010926475,-0.031063693176959818,-0.0015456209990928449,0.08350985710473711,-0.6212412247591798,-0.3415891289090158,-0.5161317879652503,-0.055153981178365494,0,0.0444407548453922
2006-03-31,0.0444407548453922,-0.0003086778691801554,0.012531898139615742,0.039275683230448145,0.17040557930383265,-0.20799263370012752,-0.04529567125346146,0.27285356242375336,0.4348165371973171,0,-0.08244242759927897
2006-04-28,-0.08244242759927897,-0.08021330097432547,-0.04053792354218256,-0.03463983762814637,-0.03553017347259623,-0.8758848895506963,-0.42918363938844883,-1.2159100071172488,-0.8502295042026212,1,-0.052192876106989125
2006-05-30,-0.052192876106989125,-0.047410993553164485,-0.06618077663723948,-0.04338645156643844,-0.06083873459126072,-0.5646247874068726,-0.5903436000295407,-1.333122739317502,-0.9660549596681327,1,-0.02831591235205927
2006-06-30,-0.02831591235205927,-0.11526865279455013,-0.09154994714303889,-0.01757850827881519,-0.018865954375442386,-1.1231328742482036,-0.7531701072096997,-0.7771296570470889,-0.65400448789992,1,0.041522142775196044
2006-07-31,0.041522142775196044,-0.061464792751449386,-0.11232364116905066,0.066076665915859,0.0564952076353696,-0.6439486332447127,-0.8719944889664462,0.8631636614368983,-0.17720275395163254,0,0.06024846416482275
2006-08-31,0.06024846416482275,0.26770689304655815,-0.0004354762449006751,0.028252648882509262,0.13018538780472236,2.1786998184071877,-0.01623208544009393,0.0930688453725882,0.25531885457459014,0,-0.008930649022064849
2006-09-29,-0.008930649022064849,-0.012958162660320774,-0.019242415650472917,0.007900086165368522,0.01258114777754659,-0.30087501346531226,-0.1837642880942868,-0.32650485157095216,-0.5076821049932135,0,0.08150907932103532
2006-10-31,0.08150907932103532,-0.0055065833973186725,-0.018577703681785938,0.11340044861822056,0.1979245389704721,-0.2386643762647556,-0.15543233902974196,1.7307861013548982,0.6548118070327209,0,-0.025281758870176047
2006-11-30,-0.025281758870176047,-0.17189561645965065,0.03192319818525245,0.0012304234762224161,0.003991509757518674,-1.6103431981460896,0.20907226988430422,-0.5071155955804523,-0.6157219069888114,1,-0.02330186094817616
2006-12-28,-0.02330186094817616,0.06347851349463367,-0.07621960451192508,-0.017160545491660555,0.03837431204706641,0.3379349055912095,-0.5916572863744994,-0.8531332641952836,-0.374644756003852,0,0.04519442229922781
2007-01-31,0.04519442229922781,0.13298810080954587,0.04897858887055707,0.04377553452920856,0.030268115068150456,0.8657517871570438,0.3606883753376285,0.30994411952895984,-0.4365958605925712,0,0.0942884569274455
2007-02-28,0.0942884569274455,0.17219030997527848,0.0042300708816737234,0.07796285030085306,0.22973877917571983,1.1332226622731658,0.006487862697284772,0.9345486355385786,0.8250628924738054,0,0.07304510265309172
2007-03-30,0.07304510265309172,0.046954324529398246,-0.07903903135735986,0.05624966356089787,0.07992867478464745,0.07772061989872535,-0.6239879361062075,0.47777789915550767,-0.17541552723318443,0,0.13192833129912213
2007-04-30,0.13192833129912213,0.023917879511312416,0.10633893360361421,0.0955822972383589,0.12893952432890535,-0.11375942348515745,0.81572042725937,1.1896961259170469,0.1376597957542063,0,0.04251923568210846
2007-05-31,0.04251923568210846,0.07712194468880566,-0.07672614335148006,0.03681569013942449,0.000267395215871787,0.2889090139319366,-0.6107208358210262,0.02154306409138055,-0.723003710457121,0,0.08057047078500432
2007-06-29,0.08057047078500432,0.031549975033901646,0.004099841326405126,0.0876454931618645,0.01216285586918168,-0.0841965376421663,0.0010648797604956488,0.9663289324980049,-0.6046637629808004,0,-0.023035389494447958
2007-07-31,-0.023035389494447958,-0.09387789743331917,0.0009560114946577491,-0.03901267291789357,0.25284801860350753,-1.138780753777623,-0.0689479330572996,-1.4749483338243958,0.9585163425354504,2,0.004217013239402584
2007-08-31,0.004217013239402584,-0.08303826595556602,-0.02317565987117134,0.09034052073437684,0.02922255387053765,-0.9917273993911245,-0.2311549384048435,0.9729476740825916,-0.5535638502122123,0,-0.04133346732407267
2007-09-28,-0.04133346732407267,-0.11415014165579915,0.10437646300607864,-0.042931062785690983,-0.011171184605905342,-1.2278959219222902,0.772753311333514,-1.474023731997886,-0.7965124999405373,2,-0.07495837263359806
2007-10-31,-0.07495837263359806,-0.07133797531951926,-0.1400344108169034,0.010830611957871017,-0.0699382181748255,-0.8584312597162855,-1.2239315186343223,-0.453106051342959,-1.1499291002944614,2,-0.01302932796900417
2007-11-30,-0.01302932796900417,-0.08450884308041938,-0.2202309343834662,0.02756402655373211,-0.030673237109802447,-0.9177184934083716,-1.8013636400193094,-0.12714730596273063,-0.834526663063252,1,-0.10436702326159368
2007-12-28,-0.10436702326159368,-0.1191669751607278,-0.09004151038639667,-0.07282250415753727,0.13357263959984864,-1.1541884146374595,-0.684813338105203,-1.9239680340542973,0.22215407511722549,2,0.07687310143243697
2008-01-31,0.07687310143243697,0.13308701769610695,0.14225369370782887,-0.014547612752911446,0.13489368423386783,1.0417216156369145,1.481973806472798,-0.7848043558937413,0.4005927218389192,0,-0.03743219905436452
2008-02-29,-0.03743219905436452,-0.1650577449924794,0.04149408211347024,-0.023098964671592923,-0.0855033147755937,-1.5804809298577305,0.46739506948809545,-0.9304730113538182,-1.359603467715439,2,0.018704360413232986
2008-03-31,0.018704360413232986,-0.059063372688723595,0.013198345653213395,0.04903015342240334,-0.011707888770706328,-0.6037914721358822,0.17671523712542958,0.45824693272247885,-0.8642222215793779,0,0.021864966895906706
2008-04-30,0.021864966895906706,0.10543336923474242,0.04590750773316017,0.05812359088470812,0.13221274054579923,0.808641437486523,0.4465761687815214,0.6021753154216711,0.3924983866728212,0,-0.059831721337652424
2008-05-30,-0.059831721337652424,-0.14852531179762435,0.04963005585552165,-0.011146859387525635,-0.0891012675464473,-1.369741117827235,0.6437842190713136,-0.7396013608340773,-1.525080442716676,2,-0.06062798384173921
2008-06-30,-0.06062798384173921,0.16179846535415227,-0.05441708449494174,-0.04857050850678519,-0.0103127450211647,1.3844609015646623,-0.49804174938108825,-1.4057825213616602,-0.8426400758997877,1,-0.11777748570200465
2008-07-31,-0.11777748570200465,-0.24986879297942918,-0.2092808227734361,-0.035222655266551446,-0.08112724934649038,-2.1769166371029818,-2.388016474296916,-1.078093430316666,-1.5248484330357617,4,-0.06295060213386136
2008-08-29,-0.06295060213386136,-0.1530216196547435,-0.17091009190354442,-0.0353143954021932,-0.06287983503272257,-1.239025051179667,-1.8170132479126835,-1.06072141881489,-1.262614302292826,4,-0.31787427572908006
2008-09-30,-0.31787427572908006,-0.47661829772423725,-0.3943569790535871,-0.24923351157468693,-0.3293764368255177,-3.867721905180267,-4.292339543702113,-4.998625904738071,-3.75082307144551,4,0.009612634727613449
2008-10-31,0.009612634727613449,0.024646370288053433,-0.05215816205366138,-0.05817640076665304,0.09042323789296262,0.3696354505028092,-0.12440135377704513,-0.9878355359244484,0.35707653232091463,0,0.07327698542854093
2008-11-28,0.07327698542854093,-0.06902323513012322,-0.06288883851294293,0.032608202332190486,-0.0309270450496167,-0.2649289811380727,-0.20313349335972267,0.438745801632834,-0.6369113837579014,0,0.06766365261669803
2008-12-30,0.06766365261669803,0.03373064375158399,0.06613490486579934,-0.02203622096658355,0.09527199791779341,0.49265282852035075,1.0500320337560893,-0.413330921667629,0.5268015934562003,0,0.009522059317057144
2009-01-30,0.009522059317057144,0.13957062016708263,-0.05767076301597214,0.013285290591524675,0.2133842656741568,1.2811630495533282,-0.18798606837903978,0.1382231772141071,1.6312162442370532,0,0.1226221648766926
2009-02-27,0.1226221648766926,-0.08400470584755274,0.1597793713131218,0.056202406542334694,-0.11842049164213327,-0.4022255101959548,1.9464199010401173,0.7911109686361506,-1.3658649714725504,1,0.23429209975945528
2009-03-31,0.23429209975945528,0.20387180309259556,0.2746367881405564,0.10665037616335002,0.2371408462765432,1.6891264251970648,2.8702025771203203,1.5285836657403102,1.7698228290298972,0,0.06295231434253407
2009-04-30,0.06295231434253407,0.1830355162681774,0.01922939917789893,0.02123400066769464,0.18618324490564878,1.4415090398502821,0.38605799749621306,0.19320798998462202,1.2850489428629726,0,-0.02925876876086054
2009-05-29,-0.02925876876086054,-0.19285356895160266,-0.10899646512725564,0.01663632109863347,-0.04211637998549571,-1.2013676578991797,-0.7038357680654005,0.10271985767290548,-0.6721240971073976,1,0.06477844078662826
2009-06-30,0.06477844078662826,0.03827166500032163,0.05490602415404928,0.01278678436514809,0.035939557427314514,0.3907148290838603,0.6769789805726297,0.02077623581423871,-0.03222237175239418,0,0.018801159495982364
2009-07-31,0.018801159495982364,-0.12771311980870706,-0.012752730471707463,0.01602183823784687,0.012032657046379229,-0.7483149375386203,0.07854173709355067,0.0568687189988214,-0.2436650652115461,0,-0.008662953456550382
2009-08-31,-0.008662953456550382,-0.18266190680111036,0.011729796169076826,-0.0004382232426327885,-0.08958854697318835,-1.096904230965349,0.26154091837939153,-0.1718426972612048,-1.0773172252075165,2,-0.03634575195755383
2009-09-30,-0.03634575195755383,-0.06926235352666656,-0.11649866714201022,-0.023875123999748893,-0.09717948597280081,-0.26931051779664383,-0.817470739809968,-0.5166162584938322,-1.0818314495032497,1,-0.03389391217931882
2009-10-30,-0.03389391217931882,-0.1615778965370714,-0.19482489198137243,-0.01203843110556115,-0.08305467844819499,-0.8969803386551586,-1.438774077795917,-0.32179243288388226,-0.9255690842398444,1,0.08054436888964495
2009-11-30,0.08054436888964495,0.0826040570877352,0.08737048345930583,0.01259271732493417,-0.05965935412943706,0.8138745706322886,0.9221619766738567,0.10859416338210519,-0.6833642509293736,0,-0.024466821803371508
2009-12-30,-0.024466821803371508,-0.043425412856819376,-0.11807846499623764,-0.04458813699835467,-0.09617896688844224,-0.09781847064853828,-0.7449138874738754,-0.7962795336000789,-0.9641487039964749,0,0.026733498914578935
2010-01-29,0.026733498914578935,0.023669987273673084,0.055872576292372175,0.0007993939500770911,-0.009978063530308553,0.3861347834401812,0.6550326548861488,-0.06950156941709375,-0.22380959769318795,0,0.034828971321005986
2010-02-26,0.034828971321005986,-0.08521106824238305,0.010282122456389394,0.061805191868872816,-0.04610782789509561,-0.3517666949200238,0.2898039684327434,0.9073284690836312,-0.5071350999121652,0,0.019102595014005394
2010-03-31,0.019102595014005394,-0.27887421276677593,-0.10881792462240064,0.0018485722935588109,-0.19772322676606122,-1.7158940137169647,-0.6597483384632578,-0.027792204124267646,-1.745368135178026,2,-0.06961249346654362
2010-04-30,-0.06961249346654362,-0.0878823481578003,-0.059986773578663125,-0.025032839622520463,-0.02925975369254278,-0.2561151949748423,-0.2634797084568051,-0.4338625169766686,-0.24817115034961904,0,0.025350308979165907
2010-05-31,0.025350308979165907,0.06670848352656332,-0.014624401981533534,0.019368444900651594,0.25180870136798633,0.8538900512844065,0.13509693509830895,0.3405276048912106,2.1132735638323616,0,0.02235109340030052
2010-06-30,0.02235109340030052,0.0006020513362107109,0.0574372052226657,-0.001189299688587564,0.10378255730461125,0.3909877200270466,0.7031434530106467,0.009161962105353433,0.781741083420759,0,-0.020195705882762434
2010-07-30,-0.020195705882762434,0.042865849690631834,-0.09783374566809062,-0.005489541539484403,-0.006288434878216217,0.6975240075704213,-0.5589780845233546,-0.021935017828208975,-0.0975428766128349,0,0.04971964703810365
2010-08-31,0.04971964703810365,0.019282884771319543,0.0023175051485819,0.028424544361381917,-0.021384438981109564,0.500907223298817,0.2658796731518325,0.5461777078128955,-0.1680129324830627,0,0.06570170086920797
2010-09-30,0.06570170086920797,-0.010793127255535639,0.0864685772646773,0.04645386128753358,0.07851915650605523,0.26841240820729334,0.9323743635990693,0.9175460735658479,0.6632861107931927,0,-0.04842528011430108
2010-10-29,-0.04842528011430108,0.10067915141532907,-0.13175491313710533,-0.022137106648426396,0.03557377723194291,1.0332554161339726,-0.8106885711874856,-0.34835557313682425,0.28868644575890595,0,0.033139803383377464
2010-11-30,0.033139803383377464,0.01679792939078323,0.002070974225888792,0.018443505833354155,0.20568789280251912,0.40363254194883774,0.26163565824713025,0.3880457431043206,1.6587943414936888,0,0.011145497458844194
2010-12-30,0.011145497458844194,-0.005467815349080311,-0.04086192557662559,-0.010558002938003038,-0.010215049632285164,0.22940091979676294,-0.13770852894361224,-0.12219830159831499,-0.15725713712335135,0,-0.04299890287602603
2011-01-31,-0.04299890287602603,-0.009115990678458367,-0.07872195003052923,-0.0093256054420589,-0.03835365048266421,0.18293421649243244,-0.46596865023866596,-0.13399854675142123,-0.35301000212244327,0,0.04486697576353569
2011-02-28,0.04486697576353569,0.0400646740727779,0.08867562581798624,0.0068054252297353734,-0.017761610841996813,0.5639184004314381,1.0097999860059241,0.15670473803154641,-0.1515675567235952,0,-0.0025080702799093173
2011-03-31,-0.0025080702799093173,-0.18707329118266328,-0.029817681919554827,0.007261372418162767,-0.06855911577302497,-1.0979880141139862,-0.017382624434932503,0.15017565897739654,-0.5839952628495827,1,-0.042874885365028245
2011-04-29,-0.042874885365028245,0.010094157868232867,-0.11447590701958514,-0.012686586553287912,-0.01215100599914974,0.3330649828528864,-0.7278509161616386,-0.19451293378236972,-0.1086513087740445,0,0.002375016146520583
2011-05-31,0.002375016146520583,0.05670902165615858,-0.00043064115867504543,-0.008971761081140317,0.06528640723775843,0.6889884150135238,0.2805327616262812,-0.09136737021366285,0.5647690099686522,0,0.09210690912647737
2011-06-30,0.09210690912647737,0.1328816766681646,0.14656456352974045,0.05429654936648021,-0.005312131192768973,1.1950031436917565,1.5517457187223203,1.095772535302673,-0.056309721044854114,0,-0.08392420278054387
2011-07-29,-0.08392420278054387,-0.11807650789503026,-0.0745381680198092,-0.040547612184523026,0.055765992245433396,-0.5993070909987283,-0.37550139418254486,-0.7350649270473725,0.450704996014001,0,-0.10538222871605273
2011-08-31,-0.10538222871605273,-0.1713478484153626,-0.13277996442868978,-0.038723427563828065,-0.12389797894379122,-1.0409926607266422,-0.9174318107475068,-0.6968812018067926,-1.0804967302221673,2,0.10473700041714434
2011-09-30,0.10473700041714434,0.2373295746300156,0.09440157721414186,0.021664389858712812,0.3262105860478532,1.992884514363045,1.0265005884021703,0.42997662937959136,2.6635505361463983,0,-0.0016494921229289817
2011-10-31,-0.0016494921229289817,0.006456582949870171,0.04255849709749968,0.017071576549254903,-0.03188919619124443,0.15437097780866885,0.5421619123866617,0.33286182764946143,-0.4527541720611878,0,0.039404865817428816
2011-11-30,0.039404865817428816,0.062271556530855,0.10200386696180402,-0.004987807163715008,0.01972513754166501,0.6268159751990369,1.1174121524036134,-0.42322126660955983,0.010196603029012045,0,0.07008491062819935
2011-12-29,0.07008491062819935,0.10933441135829979,-0.040427956470341954,0.005251569410954223,0.10828076445082034,0.9889939092884287,-0.3684289471209292,-0.06108318393493129,0.7471163499671919,0,0.10452135937547266
2012-01-31,0.10452135937547266,0.11405682574080972,0.10364445950085892,0.047650998662279155,0.08662070999478806,0.9990232916904073,1.1101863234608096,1.3031429224556765,0.5596987623726035,0,-0.03199058834580048
2012-02-29,-0.03199058834580048,-0.09956506927419646,-0.06506327702729467,0.011415347045903135,0.00672224666141139,-0.7671295272432292,-0.6259178496419463,0.08212805536187222,-0.08774609716107579,0,-0.05244706078693116
2012-03-30,-0.05244706078693116,-0.17122272134486788,-0.18842605990073535,-0.007053753155859743,-0.029442400981454342,-1.356697352723578,-1.8535275163215525,-0.4864316916330844,-0.44324867987051514,2,-0.03613485146054767
2012-04-30,-0.03613485146054767,0.061395297193070096,-0.039161378320928406,-0.02644837938477642,-0.0558259306320132,0.6766762694488819,-0.2017098139835753,-1.236775843729266,-0.6478204843513076,1,0.053152341278951985
2012-05-31,0.053152341278951985,0.1766016337805222,0.07423427703091058,0.00508020362626788,0.14100112163069775,1.7471096301290623,1.094712443621985,0.07718465126619775,1.3187211522336388,0,-0.023343292018381732
2012-06-29,-0.023343292018381732,-0.08685048500887095,-0.13116675585171406,-0.006190998612116172,-0.022482980618215073,-0.6602700639684315,-1.2762994905178862,-0.35658427379685,-0.3227641432528314,1,0.06329320461389504
2012-07-31,0.06329320461389504,0.05007560427050638,0.21477115292910354,-0.0006380068003059606,-0.012400214415633323,0.5667509439468049,2.6436215740702065,-0.1156313886939873,-0.2104731759922138,0,0.051057379005812434
2012-08-31,0.051057379005812434,-0.04270714409843128,-0.10186337507894432,0.03581772048509799,-0.048185818418630275,-0.288839448713724,-0.867659130178173,1.354566207117539,-0.5463788924257673,0,-0.02476599172034602
2012-09-28,-0.02476599172034602,-0.03486432553701766,-0.07767379957786004,0.001505914018865769,-0.06279398873822652,-0.26266079617796617,-0.5841102709949437,-0.051126260653883024,-0.7032094526915289,0,-0.023933036335099436
2012-10-31,-0.023933036335099436,-0.05394057980859267,-0.05280322670125511,-0.01113825160668742,-0.04546000860942221,-0.4469939065344292,-0.3471969196215053,-0.5791392718383033,-0.5496621862683774,0,-0.001304644752035696
2012-11-30,-0.001304644752035696,0.08414067478451666,-0.03274616501278198,-0.0051801512141441165,-0.0329275504542652,0.8114270142428786,-0.19208545293936477,-0.3450375695807492,-0.44124152391226923,0,0.040670936001194855
2012-12-28,0.040670936001194855,0.1144240884833159,0.012616572491900669,0.00790823200597294,0.14571242637756257,1.095563417328463,0.3331610830039877,0.19173560358204603,1.3097802839115933,0,0.0437304774942991
2013-01-31,0.0437304774942991,0.07003031410420031,0.06699045121684737,0.020921834565792555,0.009846725175373898,0.6280151840610109,0.8984967993570792,0.684999655344565,-0.0946554753560745,0,0.037329336685540615
2013-02-28,0.037329336685540615,0.0012150805269000328,0.03956533704124195,0.04376156622494868,0.0036614047566877585,-0.02206358055528327,0.5907780700953773,1.6055636236793507,-0.16082284088655488,0,0.028755707158630742
2013-03-29,0.028755707158630742,-0.1661513708368813,0.09366775270037872,0.024061934166683563,-0.1683184839666449,-1.6046723925516426,1.172427175882592,0.8456077619575023,-1.8718945702022725,2,0.04289502657964586
2013-04-30,0.04289502657964586,0.21877327377523612,-0.02696899715391,0.04035241142039128,0.09227294689545906,2.093414948763605,-0.21073202076532235,1.5111801280075645,0.7025299779517252,0,-0.09671425671256813
2013-05-31,-0.09671425671256813,-0.08133396731099349,-0.16766256810174948,-0.020259269570243283,-0.03416785730776314,-0.9464093167991801,-1.7666025233197042,-1.1655879641831102,-0.5984752052901731,2,0.04978133381782639
2013-06-28,0.04978133381782639,0.20129986803835762,0.021811576354740278,-0.008763189913383315,0.018846421123127545,1.7793800268698379,0.34597271433765325,-0.6183251061879563,0.012495148209264307,0,-0.03580940817488017
2013-07-31,-0.03580940817488017,-0.04818939599665577,-0.08537481126131094,-0.0019600984501596383,-0.12469564326270995,-0.6117783038152425,-0.7771661719516391,-0.3213733458412214,-1.5330227689317253,1,0.030067053965771685
2013-08-30,0.030067053965771685,0.06384421795558108,0.10337955064202013,0.001581966033941684,0.04176342848588255,0.4276296738039691,1.2229234253969463,-0.1771013938060788,0.31542396425199865,0,-0.00910036901629636
2013-09-30,-0.00910036901629636,-0.07813196665613183,-0.03690523596909306,0.008910709256915166,-0.050047576755110186,-0.8661773019822241,-0.2920393082158401,0.16456136603946767,-0.6779255070485284,0,-0.023211538217536565
2013-10-31,-0.023211538217536565,-0.042099435796990735,-0.05039920315299875,-0.0028355682240236214,-0.03094942385043668,-0.5190756314263941,-0.4023824167506425,-0.3055609056839077,-0.43761265910582997,0,-0.02709782432269635
2013-11-29,-0.02709782432269635,-0.054423172935135926,-0.06893884670616468,0.018607851245799098,0.02724365742411804,-0.5967893553777094,-0.6353345238962727,0.6402105555389931,0.20022259567044295,0,0.02366835277816211
2013-12-30,0.02366835277816211,0.07355458033393972,0.05039526225457304,0.001386529066602804,0.0002402465396490879,0.5682116416238009,0.6695735001024753,-0.14378354021446058,-0.03611635363373787,0,0.03125854862138321
2014-01-29,0.03125854862138321,-0.0275422720434627,0.039054744477628134,0.014354128861244287,0.04933891766063323,-0.3539868252096349,0.5182882414149349,0.434102441359073,0.5184181333620059,0,0.03376217626398402
2014-02-28,0.03376217626398402,-0.01108537109248198,0.02054696313030634,0.014627161633863758,0.0009275747320073376,-0.2026166537287725,0.28700883236308533,0.41807907632378516,-0.05928404085801386,0,0.03029706815374132
2014-03-31,0.03029706815374132,-0.03315850803253492,0.037957543610787674,0.020565039193152022,-0.004766972990323885,-0.3864590914501342,0.5011053179701098,0.6795180631318709,-0.130002335824144,0,0.0008318588088031878
2014-04-30,0.0008318588088031878,-0.007920419462906662,0.01994957359726966,0.017592988791702974,0.13354671544141367,-0.20905404748634304,0.28394219687171635,0.5228940334488741,1.4377122524777382,0,-0.008958169386417567
2014-05-30,-0.008958169386417567,-0.0510546206527073,-0.027072850233537556,0.018564841721578993,0.02174194089452976,-0.6053431292748769,-0.27227134724652446,0.5327864763748845,0.10355952014127826,0,0.02130675249121339
2014-06-30,0.02130675249121339,0.030807306535052117,0.06380458027108697,0.008176670134447365,0.07023687631609218,0.1831743818425064,0.7412143825005119,0.0206711048942902,0.6628702710009806,0,0.037708217684697516
2014-07-31,0.037708217684697516,0.08256871486468059,0.022203349063894758,0.018368083831186363,0.032520972941592924,0.7023484287425372,0.3167649336299026,0.5912625306353245,0.21408771673702176,0,0.00811602575466085
2014-08-29,0.00811602575466085,-0.032409970931212576,-0.022749881819502295,0.016280472323153255,-0.024511879164077717,-0.44304786007144226,-0.22945571457642971,0.4414869099825027,-0.41746282762830117,0,-0.024360829949300025
2014-09-30,-0.024360829949300025,-0.045450734414341463,-0.03801500917003451,-0.02229069934823411,0.07045853898039649,-0.6328776994285414,-0.45525876513625607,-1.9010816956374605,0.6366049877940547,1,-0.003980600408808623
2014-10-31,-0.003980600408808623,0.04038848318822503,-0.07137409846790091,0.005816933443014283,0.02262014108408713,0.32959837765041355,-0.8218458695556639,-0.14737917058970637,0.20694575913366844,0,-0.006483492721388537
2014-11-28,-0.006483492721388537,0.011660347308237477,-0.010267429579373554,-0.001085888848631859,-0.012552069123311367,0.009889781900403767,-0.04397861954991577,-0.5265141161192692,-0.3278604357475701,0,0.07301794376747484
2014-12-30,0.07301794376747484,0.11283585397431779,0.15766906912806272,-0.006164182044490988,0.08547386714594243,1.1185980232234676,2.069295154056921,-0.8279202130749311,1.115473559134953,0,0.08104380153728577
2015-01-30,0.08104380153728577,0.11146278376272319,0.019579730231488367,0.05116712580698905,0.11893472311978322,1.101399046496919,0.2789439038787028,2.4752223837436294,1.6328892214201112,0,0.07560671575933478
2015-02-27,0.07560671575933478,0.14373145736292578,0.028756216038221188,0.06620373246756409,0.1864333293797284,1.4518082391106777,0.42324823586964283,3.284799841949916,2.568338232846596,0,0.0658033572923407
2015-03-31,0.0658033572923407,0.03174747988560303,0.12260520930246036,0.07469475479408179,0.15075875183331264,0.16759486357483921,1.5240931229625094,3.226189919119177,1.8192965740333988,0,0.0319261177493527
2015-04-30,0.0319261177493527,-0.025108069560197035,0.11387424416910956,-0.014606151427484748,-0.02246939930776067,-0.535197856287134,1.3751940546152417,-1.159736202260553,-0.5351536275386716,1,0.027968793186201497
2015-05-29,0.027968793186201497,0.08128381366926793,0.09954768789042093,0.060549862179640965,0.21165032953995297,0.7066926144436678,1.1177939700429345,2.1783917542290316,2.4781070931373215,0,0.010230626534390894
2015-06-30,0.010230626534390894,0.045265625107809446,-0.11215160909573711,0.004477576619480287,0.0761021564182319,0.3395243576473875,-1.4895570234577593,-0.3873844260563753,0.6642937952954046,1,-0.05341668906916661
2015-07-31,-0.05341668906916661,-0.025796799834038407,-0.083509882457375,-0.058902229533427414,0.04522162634753525,-0.5608127952346837,-1.1581467066543814,-3.107584989105445,0.24998282233720986,2,0.03975558909072132
2015-08-31,0.03975558909072132,0.04751970531110194,-0.029232207179534363,-0.0051056717312284484,-0.0076825570004659316,0.35447011398663913,-0.4184826660542429,-0.6619425593889225,-0.4211837609496364,0,0.0348486828788627
2015-09-30,0.0348486828788627,0.06485040351890675,0.05341229430794382,0.045010178082696445,0.062241444764102774,0.5376088251153067,0.683997892052466,1.294301918101357,0.4309161464462271,0,-0.002150782050362392
2015-10-30,-0.002150782050362392,0.03201368656097459,0.011384579867943827,-0.03426222027915224,0.09535464858877572,0.10361565030893495,0.053881210838289464,-1.747833964880061,0.8132424792512112,1,0.008388785095733948
2015-11-30,0.008388785095733948,-0.027239959232573076,-0.14412191156227147,-0.016973760047735133,0.030202265678146965,-0.6592530553102756,-2.169757792347276,-1.042794867519593,-0.06105412412422657,2,-0.02960186496378041
2015-12-30,-0.02960186496378041,0.07994542931887154,-0.0640317984630295,-0.02436381311595063,0.06784679603654557,0.7094511434978673,-0.9377178207553608,-1.286421634910637,0.3998911716891041,1,0.001907904817652235
2016-01-29,0.001907904817652235,-0.024366189993933095,0.00831241737124793,0.002398933557395714,0.0019056558133752806,-0.5811819484627642,0.055640508421919074,-0.2853250624421959,-0.43186112157974027,0,0.07124832536757517
2016-02-29,0.07124832536757517,0.10555210918509009,0.1568331206169731,0.06349255823429772,0.015854858155270445,1.0854951706715725,2.056775579276765,1.882858542282561,-0.2443712220697197,0,0.04084772784996001
2016-03-31,0.04084772784996001,-0.025309734058190713,0.12665224519044652,0.011374620690535435,-0.009381702856635725,-0.5880895374011215,1.5279931347096598,0.028307378341105176,-0.5827700229257453,0,0.0010556435412116835
2016-04-29,0.0010556435412116835,0.13192155280654472,-0.05166093960964443,0.03259147214998854,0.06426361493773496,1.4208611657293386,-0.7253567681623867,0.7678895685360507,0.3713644866235495,0,-0.0032516598891133503
2016-05-31,-0.0032516598891133503,0.0076840171333319475,-0.04953936850081482,0.00760851791581572,0.16673045352225166,-0.23046489946853893,-0.6870124184897963,-0.08181411932343102,1.9098218762357275,0,0.06305410530689194
2016-06-30,0.06305410530689194,0.14266243027331793,-0.09640637371574619,0.009895994680122288,0.033399598631068464,1.7392461350731971,-1.3943722739298594,-0.03004800939896726,-0.15184338407144074,1,-0.036351174514888146
2016-07-29,-0.036351174514888146,-0.10504199169209863,-0.056019975895315356,0.00974406941475838,-0.004019640544338791,-2.048794695195901,-0.7971662520070097,-0.05393280417639812,-0.6984400104682965,1,0.03584443323422953
2016-08-31,0.03584443323422953,0.03132067675467457,0.028544587379992565,-0.006267954657845613,0.002149325930895929,0.1277390459488801,0.2832230986722371,-0.6330528792703111,-0.7171527830853408,0,-0.06762416863233246
2016-09-30,-0.06762416863233246,-0.02763177404221499,-0.15632591345868532,-0.02057212314244678,0.03617114044918843,-0.7591704952648997,-2.140902587910799,-1.1278466170455272,-0.16284778319165874,2,-0.02472648470053408
2016-10-31,-0.02472648470053408,0.04237267050942714,0.012387306034613476,-0.003685443568467998,0.00845812679191154,0.2974764021438773,0.13842766740190307,-0.4941913896814235,-0.6557042826143716,0,0.04778324503168054
2016-11-30,0.04778324503168054,0.05375023753998912,-0.012752806102497882,0.0031890433822366116,-0.004938004294526625,0.44576049809517565,-0.2005244025636371,-0.2547667416949374,-0.9065856590451713,0,-0.007547993363013631
2016-12-29,-0.007547993363013631,0.08260635836689151,-0.06904876950792269,-0.009231236776201423,0.03316756425230286,0.8767509518116754,-0.942659830077089,-0.6708528154662421,-0.2613767453115079,0,-0.0038503864360046746
2017-01-31,-0.0038503864360046746,0.030348661513292567,-0.13467295805151144,0.004959536431645325,0.053865840656727206,0.021514230859176867,-1.727495184805089,-0.16748916444390646,0.062083076263525695,1,0.015940283899503662
2017-02-28,0.015940283899503662,-0.0024974444570724547,0.06021779112612267,0.014822405386065404,0.17271529998336954,-0.5445101285911262,0.7801385287600471,0.18194393312600385,2.0162109888253705,0,0.00916520458123241
2017-03-31,0.00916520458123241,0.0037710312115941075,-0.16959454368049684,0.00168805765867401,0.027059575875708307,-0.4465136671502556,-2.0334911042924992,-0.27157604133108837,-0.440159894524632,1,0.03604124028223265
2017-04-28,0.03604124028223265,-0.10273710479473346,0.048867810646749305,0.0020438475259196474,-0.006058222079292371,-2.248252118216052,0.6590282483241139,-0.2414824550397212,-0.9858751690378484,1,0.007234561052139599
2017-05-31,0.007234561052139599,-0.012575047554297437,-0.018435621834128012,-0.030756709899995748,0.09338882585601778,-0.6572845416558722,-0.1278000151834121,-1.3607135733407512,0.6654952334757173,1,-0.0327740196169734
2017-06-30,-0.0327740196169734,-0.05364847385231981,-0.04903533390443912,0.05364786378928826,-0.017992045959013263,-1.3419947944858055,-0.4829525584426251,1.5682442842941757,-1.1545291730727412,2,0.001803627956209681
2017-07-31,0.001803627956209681,0.02619614854363178,0.0797376506073198,0.007470199771311248,0.019315830072642096,-0.027892737177102195,1.0430058752218483,-0.03344057274939958,-0.5081140536267362,0,-0.05360971722245322
2017-08-31,-0.05360971722245322,-0.10568538940096704,-0.02107244424136434,-0.03701012350908542,-0.05132612127669075,-2.0824435500011655,-0.1424041692804992,-1.4797126314213311,-1.612468088206022,3,0.03155879671231073
2017-09-29,0.03155879671231073,0.17550681213787708,-0.0280245692902196,-0.007771687688341922,0.059149303849162366,2.273177635990482,-0.22250267398656454,-0.4608799878302139,0.13498731528625618,0,0.047984719796347816
2017-10-31,0.047984719796347816,0.055966886406603876,0.1455290985300939,-0.005812325424821633,0.12260551822030667,0.3637273072845612,1.7619219850466425,-0.4152049567309993,1.1230188342838143,0,-0.0059590710382242
2017-11-30,-0.0059590710382242,0.011161181569043103,0.02381087203889332,-0.004790075555925781,-0.00956840949482756,-0.2824727058855471,0.2890167816398622,-0.3711085811175361,-0.9538318514365547,0,0.12551579173711297
2017-12-28,0.12551579173711297,0.17336260000384165,0.20153592975138857,-0.002716597894425184,0.13763751161318397,2.0324821115378224,2.245127960481379,-0.3010487305509868,1.2946409836566763,0,-0.03369338396041647
2018-01-31,-0.03369338396041647,-0.05258007350953449,-0.012025177587358545,0.005006665784921967,0.03908047181923115,-1.1708525340050602,-0.12833358584718565,-0.056941051360780176,-0.22998048781077615,1,0.0222131658746982
2018-02-28,0.0222131658746982,0.1891460952942819,0.07013617313284408,0.02296911332020131,0.03294802680647764,2.211848226957314,0.7665807764521465,0.5772391729691234,-0.2925433948217815,0,0.057351381565872286
2018-03-30,0.057351381565872286,-0.016711962598099754,0.05710537377078581,0.0025117776447303583,-0.009838411608842539,-0.6118750666286881,0.6095902412986872,-0.06254233274198717,-0.9361565278227748,0,0.005621144148213374
2018-04-30,0.005621144148213374,-0.0002550822405187373,-0.032658997018577045,0.016311756991027,0.012140380986175026,-0.37333709447932156,-0.3384712598568899,0.540676141212632,-0.5236099177288251,0,-0.06725065048348047
2018-05-31,-0.06725065048348047,-0.05863859618140004,-0.1789420916416119,0.010119387595143655,0.031338269776434426,-1.1603625271214597,-1.9345426583844285,0.2693475054969801,-0.22193343925378317,2,-0.025149898642364693
2018-06-29,-0.025149898642364693,-0.028350737019818727,-0.0307602456496495,-0.011893013321642039,-0.02645621272526084,-0.6986132120398152,-0.18762398097816038,-0.5695744201148336,-1.2762832315119739,1,0.03138444769856137
2018-07-31,0.03138444769856137,0.019959539811105615,0.039513221630940114,0.015752230510122197,0.03960080034815824,-0.036338606726263545,0.5593901198275847,0.6007329072691057,0.05764761245571994,0,0.0009274177281688471
2018-08-31,0.0009274177281688471,-0.04404628755652441,-0.0217370089214012,-0.001593716891178328,-0.03689957533139173,-0.8951422528816377,-0.15467153735703415,-0.2273923006377121,-1.4007037310099961,1,-0.19469439253365417
2018-09-28,-0.19469439253365417,-0.16431650827079272,-0.21769114371718848,-0.01904966276101307,-0.022013593234895393,-2.420704329330977,-2.3309403680881857,-1.0326664425906957,-1.081792276684944,4,0.08309722603283155
2018-10-31,0.08309722603283155,0.10989634723791356,0.09137492325849594,0.0025600949512625593,-0.0033786256846021433,1.1511913402331642,1.1088697274566228,0.041589731728473855,-0.6798268997381439,0,-0.021799989059821574
2018-11-30,-0.021799989059821574,-0.057103724590891906,-0.03401305460469047,-0.008021938101395098,-0.02993895860133464,-0.8873038518278088,-0.21649293227161923,-0.5370939983430333,-1.1372501202530194,1,0.09742728559404572
2018-12-28,0.09742728559404572,0.1616279328131512,0.002287219374604125,-0.00026464234027776163,0.07806493046272785,1.7200655664358104,0.12750446075474234,-0.16302996273985518,0.9091824866351952,0,0.003529898005674424
2019-01-31,0.003529898005674424,-0.008596597508827996,-0.16354153656173856,-9.887711034321697e-05,-0.004680164181202344,-0.31300440504547977,-1.6443786961398157,-0.19387609022284422,-0.622281640362883,1,0.0012988256040843457
2019-02-28,0.0012988256040843457,0.007736415032494126,0.0025147794867596625,0.026269943190761893,0.0455309858580965,-0.13103690149849292,0.1558437866226732,1.1797545957909688,0.30424347708354654,0,0.05339999067430632
2019-03-29,0.05339999067430632,0.11235097660641648,0.06704079703708594,0.010618843202924803,0.12797180379142192,1.1183048783616636,0.8976753763387835,0.48223602246702585,1.802183054584423,0,-0.057702435643174614
2019-04-30,-0.057702435643174614,-0.10645463584019461,0.0723123955906322,-0.03563394378145515,-0.014963632087224255,-1.4575958772380893,0.9940142084011959,-2.274712026422078,-0.8605482919882327,2,0.03499139128268328
2019-05-31,0.03499139128268328,0.14820449842060815,0.027743446524005223,0.014557708578803064,0.05051279908861962,1.5423595468295024,0.46433062984029283,0.8145274428137339,0.3367874389011041,0,-0.08545903426928826
2019-06-28,-0.08545903426928826,-0.07626155537129188,-0.11407267913510247,0.006142206130047004,0.01429230414621286,-1.0412182986396954,-1.0891675830170893,0.3095734424116756,-0.26727347069024937,2,-0.016705029403111162
2019-07-31,-0.016705029403111162,-0.00964714499709342,-0.07042420776270332,-0.019144210474292433,0.015133051566741522,-0.23764637998879448,-0.6097013247950371,-1.1540057519578235,-0.24066584597023347,1,0.03121441020296105
2019-08-30,0.03121441020296105,-0.0188193473368895,-0.07891774949346221,-0.01476960430631717,-0.0033318436701608536,-0.38015739857412223,-0.6949221670059709,-0.8412907248791728,-0.6089356373247587,0,0.014034220922352503
2019-09-30,0.014034220922352503,-0.0069750066519832545,0.0074039470350411914,-0.00477062118901909,-0.02505167718046515,-0.22697645362056262,0.2602595662465612,-0.25216454998376375,-1.0240768024907132,1,-0.001430708088420185
2019-10-31,-0.001430708088420185,-0.04780320297518889,0.001503185609970666,-0.0016153599361957223,0.07012387200034015,-0.7061435175194049,0.15375180722653917,-0.09947150664805306,0.8335620654509337,0,0.030222769281772296
2019-11-29,0.030222769281772296,0.11114165228456839,-0.04097375826101743,-0.016805873892555535,-0.03034530750943309,1.1544413016759432,-0.31148101742117956,-0.9838521948616019,-1.102442534916629,1,-0.03128604120670638
2019-12-30,-0.03128604120670638,-0.01239274110019516,-0.08134676457786776,-0.0042596868941883114,0.00451498728296672,-0.2805323317491418,-0.747293119997531,-0.22118535556462796,-0.42583591961582967,0,-0.07092298698304593
2020-01-31,-0.07092298698304593,-0.12326043196320181,-0.1568095894449888,0.00478539984146504,0.00346067234642576,-1.519480938046084,-1.5709351960046958,0.2897385350901593,-0.42966932789958096,2,-0.1237594134069719
2020-02-28,-0.1237594134069719,-0.13857520545798307,-0.045861152988716666,-0.0008208260544709134,-0.05373372421408997,-1.5969952107591932,-0.34142045443409536,-0.03198946520907226,-1.4708419199995006,2,0.19484850644325405
2020-03-31,0.19484850644325405,0.12854720006293735,-0.044293057762216696,-0.004734884112687495,0.06661089282821328,1.3592586431103313,-0.29475152630543716,-0.23446011680747664,0.9771833719616179,0,0.0781290921839434
2020-04-29,0.0781290921839434,0.1454067631196832,0.2487559892911436,-0.06515764672214397,0.0658401526580073,1.4655991183306032,3.0031841140074174,-3.7321154148195723,0.9269895171968158,1,0.001130715228894194
2020-05-29,0.001130715228894194,-0.06488602961592867,0.04110477515346525,-0.025137276580062647,0.040310477113646034,-0.7960353037141589,0.5084390983757557,-1.1047541428476169,0.3683092665655894,1,0.0956471270439084
2020-06-30,0.0956471270439084,0.07251598349627247,0.35255519635486315,-0.0009227076740662292,0.05594824053822594,0.6357362575454323,3.677871981859087,0.08295237911787554,0.7319951874419086,0,0.038421930824424765
2020-07-31,0.038421930824424765,-0.033358528426378715,0.13464767164730146,0.006083964211975227,0.0037234748220468573,-0.48767661347703584,1.1399234118943364,0.5784802045138562,-0.38854915074711394,0,0.03503268016064881
2020-08-31,0.03503268016064881,0.052586036988047834,-0.014042015224527141,-0.009373687157182457,-0.00483925619884283,0.4113551986238888,-0.17275970524246154,-0.29750210405948824,-0.5554883488598309,0,-0.022184978571273033
2020-09-29,-0.022184978571273033,-0.057196138872843326,-0.066178026420441,-0.014661063314713625,0.03366628810672415,-0.7738320951821466,-0.6255071783109739,-0.6762456154521901,0.21871207973790951,0,0.11641984754822794
2020-10-30,0.11641984754822794,0.11406823700385443,0.06111028412498636,0.0001737756714060031,0.05520453528554458,1.1216598024744768,0.4826836997668411,0.2228212465208532,0.6968693803390276,0,0.05273945629989524
2020-11-30,0.05273945629989524,0.006160654847459131,-0.03710187685715908,-0.015459108936103694,0.06609488232524678,-0.06212244196793533,-0.3493339792040317,-0.7183444822860855,1.0334729264341074,0,0.014907772945161032
2020-12-30,0.014907772945161032,-0.08989432818427275,-0.04067771297136893,0.0,0.009859512556189958,-1.0849986193761354,-0.3654398011613972,0.21857957411937398,-0.2953038068982333,1,0.025380575245073735
2021-01-29,0.025380575245073735,0.002099898982605756,0.020237484055211603,0.0,0.004550781421547053,-0.02673667702858972,0.23787399781731433,0.2139828126592191,-0.3740487295907973,0,0.07335985756528725
2021-02-26,0.07335985756528725,0.009460536431656348,0.07742766593256771,-0.003882195448460509,0.028560593291827804,0.037647283032506196,0.7537361599587904,-0.007291154952615676,0.25763620256889663,0,0.07009660897947907
2021-03-31,0.07009660897947907,0.014810193233704338,-0.0028805626407209556,0.0,0.05245435296886859,0.16191783113480035,0.015690330035745097,0.2775523480258348,0.8667399054219814,0,0.035104808984988335
2021-04-30,0.035104808984988335,0.007167799343686654,-0.04791213799444606,0.003080568720379147,0.18407829304459736,0.061619437786876556,-0.3830792332378305,0.4723865556351204,4.149491750415067,0,0.05266830669793336
2021-05-31,0.05266830669793336,0.06757630084884496,-0.017631911458091398,0.01154910096818811,-0.08805424496402738,0.7708117141922226,-0.1005609355982605,1.0394827786348948,-2.3487177650206394,1,-0.01248811439599642
2021-06-30,-0.01248811439599642,0.0659476189868047,-0.05389367538851477,0.0,0.05143659897951317,0.7101211376918283,-0.4931551004287489,0.3082360776120611,0.5814288661790069,0,-0.024831010707325664
2021-07-30,-0.024831010707325664,-0.03515687946539851,-0.09537504994664162,-0.022972972972972974,0.01589497743004097,-0.5091689092311931,-0.8806765811040164,-1.1587476168754272,-0.1510893200536848,1,-0.02295094174288099
2021-08-31,-0.02295094174288099,-0.03990709042881678,0.031116125726263242,-0.006749762847783344,-0.045370841265830526,-0.545134824818064,0.3560387238649135,-0.06984107635493485,-1.3380423368327334,1,-0.006831736275105688
2021-09-30,-0.006831736275105688,-0.03933831819086366,-0.11486074576139993,-0.013419216317767043,-0.0028060991533183683,-0.5402571513784216,-1.0346194713601866,-0.48399385115531013,-0.49701361852834414,1,-0.09013537573188088
2021-10-29,-0.09013537573188088,-0.16757859513583875,-0.007404558110364346,0.0,-0.020564067345676795,-2.2029881926812394,-0.0506198267332898,0.359991981452781,-0.8594303277199471,1,0.10209347833352708
2021-11-30,0.10209347833352708,0.10774256746603364,-0.010050959020447588,-0.005888622435385027,0.0006541721470203524,1.2492590606844116,-0.050292200957728614,-0.01169393336351767,-0.4311158986614136,0,-0.0946571436038852
2021-12-30,-0.0946571436038852,-0.15662389128460408,-0.24669019046189325,0.0,-0.004170245264624643,-1.9208412517353464,-2.4218688211782737,0.36161581162013473,-0.5485987261434585,2,0.02901136231068349
2022-01-28,0.02901136231068349,-0.019267969946408194,0.017087850415262857,0.0,-0.0012049906022540634,-0.20657035757912395,0.2627725688657183,0.3610833425999949,-0.45101866622487363,0,0.07471455662842563
2022-02-28,0.07471455662842563,0.05632900716465191,-0.03416948733786609,0.0,0.029997794743549834,0.6826540485432727,-0.2665480924706694,0.36088412272984083,0.1712231724202738,0,-0.0028267599197267608
2022-03-31,-0.0028267599197267608,-0.00561591347970681,-0.091193176836657,-0.01815165127561404,0.03816494481587773,-0.058497061783023045,-0.8004462590099288,-0.8033363793701084,0.3443628420682745,0,-0.02364698018009077
2022-04-29,-0.02364698018009077,0.03041517787473098,-0.01765642409651019,-0.018339180864014617,-0.015382395241246561,0.4096552376125259,-0.0571291378496195,-0.7705221648978046,-0.7300957575964799,0,-0.15349237076883646
2022-05-31,-0.15349237076883646,-0.13097627151231137,-0.1860647459782198,0.0,-0.006449137747505192,-1.5967404963046488,-1.6533377053155005,0.4843946925867672,-0.5373544709310595,2,0.06498015186101003
2022-06-30,0.06498015186101003,0.1787913631582129,-0.04424701337361445,-0.020301489608420303,-0.0208052360138684,2.31084994699247,-0.22452022632152036,-0.9883928277695996,-0.8150644546141671,0,0.0075030788127317775
2022-07-29,0.0075030788127317775,-0.02547894950624656,0.021522689185144547,-0.040825396825396834,0.03791015178874602,-0.2889806740225978,0.372808748376527,-2.472784165445636,0.4701047756617217,1,-0.14983725503745426
2022-08-31,-0.14983725503745426,-0.1321387420814551,0.0566337653769685,-0.01800374930333891,-0.002122744370747868,-1.528006680313172,0.6798792786146372,-0.6686035742409858,-0.39918352165202503,1,0.021234985555182957
2022-09-30,0.021234985555182957,0.022294384020549604,0.018229585342289023,-0.053141833129258555,-0.0369063028162496,0.3010668256473303,0.2827453607002248,-3.1042772028347176,-1.1425745166046297,2,0.08039170083101821
2022-10-31,0.08039170083101821,0.07872003622935579,0.09110905502186721,-0.022515616585891227,-0.011216271293447018,0.9289270765069526,0.9645798943749173,-0.78293159786076,-0.5828673005703924,0,-0.058570940504963136
2022-11-30,-0.058570940504963136,-0.0857265744339026,-0.13712339531683995,-0.011222222222222222,0.05192451414713824,-0.9608604763583294,-1.1884036409890368,-0.04816040001803047,0.8154351903960341,1,0.08995692061961204
2022-12-29,0.08995692061961204,0.07001869608611735,0.034548416907629755,-0.0049553571428571416,0.016766105444806674,0.8553967957781466,0.4215558927697935,0.3290164011351336,0.0098155404593606,0,0.016355132094117483
2023-01-31,0.016355132094117483,-0.04096164229705526,0.09184642243566478,-0.0054528212422949255,0.02997725910557054,-0.4239737853412602,0.9176281430179174,0.29962957837017934,0.28835960857606246,0,0.012888189520414841
2023-02-28,0.012888189520414841,-0.03048470015876853,0.17024366187517223,-0.031191915814332633,0.01832650987202429,-0.3402326318010836,1.5976259294264419,-1.2869883633999164,0.020290921845730767,1,9.300903638497385e-05
2023-03-31,9.300903638497385e-05,0.018366193740963547,-0.01420289172905873,0.004847543136020745,0.004935374201683721,0.1937029189544644,-0.16768758230296807,1.0001794024447699,-0.32435061973974133,0,0.035158905427711815
2023-04-28,0.035158905427711815,-0.045985857475375196,0.008825492455991868,0.0,0.022602111965368234,-0.5551525681553084,0.03233584696543075,0.6781037125715569,0.11223044480037019,0,0.01290708292182744
2023-05-31,0.01290708292182744,-0.06821516417438728,0.05824814383366091,-0.011904761904761902,0.01776147988870736,-0.79987850208762,0.5817120175699666,-0.1858181065921264,0.029810236029319925,0,-0.03060561176642311
2023-06-30,-0.03060561176642311,-0.1008729930527479,0.13304872936398673,0.0,-0.02028802660278094,-1.2191802834196033,1.303230722614422,0.6681348082947208,-0.8420623080460539,1,0.020803168329422087
2023-07-31,0.020803168329422087,-0.012410976709507804,0.02041268328944063,0.0,0.0038580799659135895,-0.015899518151853975,0.31752773619223645,0.6654049960478859,-0.23091449272130765,0,-0.05295201803090597
2023-08-31,-0.05295201803090597,-0.13456630590448657,-0.18437621188541578,-0.017198879551820725,0.02101046281753371,-1.5939742054659032,-2.0946914057056576,-0.6058984977603084,0.17011796093128528,2,-0.07746419152622062
2023-09-27,-0.07746419152622062,-0.13105812682663595,-0.14392933376910536,0.01018295433292628,-0.007834843006463421,-1.446900025157211,-1.4645702540093983,1.4597002406310604,-0.5225189655365376,2,0.08246670616334051
2023-10-31,0.08246670616334051,0.09958034906339934,0.08911097154943869,-0.03494926529409289,0.015632225334474305,1.437440021939794,1.1764296672655878,-1.9140090375894578,0.05460866705504333,1,0.03005375759643048
2023-11-30,0.03005375759643048,-0.06009295946144467,-0.05029711863563838,-0.03257513714990682,0.00475743840722371,-0.5163185174040218,-0.37289369489525265,-1.6014129803755968,-0.1769218461768843,1,-0.023150639828805563
2023-12-28,-0.023150639828805563,-0.0008133838137871829,-0.13624523455991347,0.0,0.01581860501568217,0.2372236548140154,-1.31073043857734,0.6831573544469591,0.12956202021436686,1,0.027787421622260916
2024-01-31,0.027787421622260916,0.1332305896444788,0.16294332271713882,0.0006716154118062923,0.024796252971633757,1.8761205791534572,1.9539440260960823,0.7285373174558858,0.34407893130455586,0,0.014104097406651616
2024-02-29,0.014104097406651616,0.08415191125853384,0.017108319112358304,0.0,-0.008883567713448353,1.1653207659181675,0.33176289894247823,0.6812741522038764,-0.4889825557021446,0,-0.010680331855069242
2024-03-29,-0.010680331855069242,-0.09217755544137655,-0.02588045753406273,-0.030530973451327433,0.023200729249047956,-0.9368164347573915,-0.0911017563347932,-1.3814079684028298,0.3162867149425675,1,0.0039281384745033215
2024-04-30,0.0039281384745033215,-0.022289444778643783,0.0021471093183397386,-0.03174809989142237,-0.024494135570040425,-0.08574221311659808,0.20503065554684644,-1.3800368937930312,-0.8347004943687398,1,-0.010423741085032792
2024-05-31,-0.010423741085032792,-0.06894256777206112,0.07744149842162808,-0.011864406779661019,0.026045150014668617,-0.6155596613010249,0.969397678513024,-0.004217318181158299,0.8082889245780014,0,-0.026939597313445023
2024-06-28,-0.026939597313445023,0.16045071686169346,-0.11892540677941227,-0.007902058987200892,-0.016770879017962894,2.098066934411272,-1.0744695392526529,0.3068331137305929,-1.0152795550081408,2,-0.03897414449628906
2024-07-31,-0.03897414449628906,-0.116856915989357,-0.12307648545550437,-0.0315,-0.02232437826163432,-1.1136846415167492,-1.083437459366684,-1.2818041308988104,-1.2256617237285274,4,-0.0022563955671678296
2024-08-30,-0.0022563955671678296,0.06649646724619811,0.011681941698751041,0.0,0.023064723173211517,0.9377981387333274,0.27909643018585534,0.8645598849122182,0.8548874413330537,0,-0.023567823911670095
2024-09-30,-0.023567823911670095,-0.08059689842531977,-0.10713864853628839,-0.018818681318681318,0.002908323387650724,-0.6979449183300314,-0.9049420899148993,-0.405308530527573,-0.13189752554543735,0,-0.05213938371001572
2024-10-31,-0.05213938371001572,0.00293314427822442,-0.14383146875907984,0.0,-0.04504548613551134,0.21797050460879377,-1.277252159222387,0.8531619191855496,-2.415090333417282,2,0.0043268459845921476
2024-11-29,0.0043268459845921476,0.1069174859712728,-0.0070466020576654635,0.0,-0.008293259233668478,1.33861414531864,0.13070294987485595,0.8531619191855496,-0.6035645956474889,0,0.03980488733860974
2024-12-30,0.03980488733860974,0.006925417325332565,-0.040250385733901446,-0.02873804168541011,0.00836857077975783,0.21877034003341037,-0.19610686015321316,-1.055260087570304,0.15369065962660755,1,0.019046243366997954
2025-01-31,0.019046243366997954,0.00043587074808905114,0.01253077432273777,-0.0424392947204256,0.0021920652691862384,0.0989528669986788,0.2871479768419449,-1.8960131865041687,-0.13773506968010513,1,-0.055885281146322345
2025-02-28,-0.055885281146322345,-0.08807491689352849,-0.0977596351074491,-0.0037130801687763728,-0.00840598115131099,-0.93929197151515,-0.8817436033669467,0.6934995825839619,-0.6164218079711916,0,0.08613604321038507
2025-03-31,0.08613604321038507,0.1561638900585765,0.09824313682663016,0.0,-0.005753914354798991,1.9479196783867383,1.2045448577787612,0.9399127493936511,-0.45599441355079784,0,0.03373598708215681
2025-04-30,0.03373598708215681,-0.018207453464145065,-0.04619520023796171,-0.0014629629629629621,0.0122064733601334,-0.12357393925328085,-0.36413372332604355,0.8056969904514057,0.42799031754124334,0,0.0556665246669399
2025-05-30,0.0556665246669399,-0.07649352787050695,0.08094593465189419,0.0,-0.006477889947992073,-0.7544078373582709,0.9642399640570303,0.8614091684665168,-0.4884552161734848,0,0.01423114283857251
2025-06-30,0.01423114283857251,-0.0130732025057364,-0.03792110861964208,-0.01004891684136967,-0.0008020712352718618,-0.07010513933236653,-0.35970122559001494,0.23471880561884528,-0.21988168509615683,0,-0.015587245203430578
2025-07-31,-0.015587245203430578,-0.06744641642829859,-0.037630605204054,-0.030054249547920433,-0.004558309285869959,-0.6680629321713278,-0.3587400508865957,-1.0324257885013552,-0.4322129319740766,1,0.024147527673972016
2025-08-29,0.024147527673972016,-0.007158504477640189,0.07148978728080001,0.0,-0.0008664607182366983,0.0744854091873505,0.8355140017217398,0.849214877000677,-0.20478619135522796,0,0.009869200129489877
2025-09-30,0.009869200129489877,-0.06592660757345892,0.04206751611122494,0.0,0.007935876855377218,-0.694718833432528,0.5121255675656331,0.8103082722678661,0.23451716206193904,0,-0.006643323744803254
2025-10-31,-0.006643323744803254,-0.05716981313105717,0.02033154345392184,0.0,-0.002085903438177054,-0.5534987655781779,0.2707444262804075,0.790788428880536,-0.3515923569687915,0,0.02320660187319326
2025-11-28,0.02320660187319326,-0.006921523324705233,0.08666867922942707,0.0,0.005676299695530237,0.11513927590537096,1.0171655853510961,0.7475905644044135,0.04955164796255498,0,0.09727539588435899
2025-12-30,0.09727539588435899,0.05638649974277728,0.17608849847476502,0.0,0.055290117240657556,0.8909961950273797,1.9534823704387398,0.7201286273767893,3.0969900785315736,0,0.04687065123132925
2026-01-30,0.04687065123132925,-0.04988558547386988,0.05446086442084457,0.0,-0.0068157716677055245,-0.4531873888143622,0.5389766156998388,0.7067405138897423,-0.6066547004964237,0,-0.059126689991139965
2026-02-27,-0.059126689991139965,0.03130373243167422,-0.12254788164807492,0.0,0.0032047413523560555,0.5831464764222605,-1.3238403609846159,0.6923965821393239,-0.017183565254306195,1,0.1482807380594321
2026-03-31,0.1482807380594321,0.14278314960882799,0.1838255276216552,-0.032799650043744535,-0.0054991510266319986,1.9712411330748643,2.0642629990368984,-1.6758908548863425,-0.4746543878607006,1,0.007050216138939001
