date,market_next,reversal,momentum,lowvol,smallcap,reversal_z,momentum_z,lowvol_z,smallcap_z,failure_coherence
1999-12-28,,,,,,,,,,0
2000-01-31,,,,,,,,,,0
2000-02-29,,,,,,,,,,0
2000-03-31,,,,,,,,,,0
2000-04-28,,,,,,,,,,0
2000-05-31,,,,,,,,,,0
2000-06-30,,,,,,,,,,0
2000-07-31,,,,,,,,,,0
2000-08-31,-0.09348881608380538,-0.21784882441572026,-0.2555427047592057,0.007861230819283827,-0.10143698572289078,,,,,0
2000-09-29,-0.1228667860301656,-0.19012762559556476,-0.18831190816876062,-0.06982468801627557,-0.30787561737888836,,,,,0
2000-10-31,0.0421604639611734,0.007843357457013637,-0.19148705395743224,0.006709607991291896,0.28094300417560114,,,,,0
2000-11-30,-0.1374680609658413,-0.08059229203361322,-0.19799811921653762,-0.0036305835210236077,-0.08181012126903472,,,,,0
2000-12-26,0.4019759455498345,0.788704171302944,0.10723119107926052,0.057267911947179756,0.21181774864313271,,,,,0
2001-01-31,0.05820723861079337,-0.05837114848275755,-0.01898472568429148,0.04565326679761251,0.23626975895776353,,,,,0
2001-02-28,-0.08487801331371969,-0.17848755228242402,-0.1854926219939158,-0.018474503210747003,0.2245362215908691,,,,,0
2001-03-30,0.060977238851830505,-0.01818477238976763,-0.04909412818392358,0.012622196515728023,0.016635951912285896,,,,,0
2001-04-30,0.12361905528523386,0.24130488380117507,0.042135827195911156,0.1050985276006414,0.22047220268235976,,,,,0
2001-05-31,-0.006891535780471864,-0.0014871850496763835,-0.07819395294376258,0.04142311174154616,0.12270251302027986,,,,,0
2001-06-29,-0.10629912727868202,0.29734058945983943,-0.06173997309663521,-0.05675688881609685,0.03455277175689277,,,,,0
2001-07-31,-0.05519239558157916,-0.10414665590574372,-0.19021488282580465,-0.024404653214826908,0.1669753092912872,,,,,0
2001-08-31,-0.1507229785561449,-0.2913802647212335,-0.2101342486186772,-0.06611599511735029,-0.27376419660504925,,,,,0
2001-09-28,0.19456989531168542,0.31348885763105433,0.27241637941402247,0.05555761661403942,0.4185923830345805,,,,,0
2001-10-31,0.09477578843641983,0.004630410402524698,-0.04325886169748903,0.060109379553363734,0.16216554098294053,,,,,0
2001-11-30,-0.006309332387568158,-0.2027874693308214,0.03317731469812792,0.03368796357311843,-0.03930990130569787,,,,,0
2001-12-28,0.11264615207467156,0.011376260437274665,0.0724289933304154,0.03343300730961005,0.004987886245657258,,,,,0
2002-01-31,0.027646927327755994,-0.15369114711194168,-0.0595659132639955,0.06730824384814924,-0.1835425895818732,,,,,0
2002-02-28,0.11483339916563144,0.058390433800247436,0.1355581630227378,0.0900514659156384,-0.054331940450021335,,,,,0
2002-03-29,-0.1245638942191818,0.009179101385327697,-0.2231953969325328,0.3246476499544793,0.22950707696031866,,,,,0
2002-04-30,-0.027643652815162137,0.0007914443669107096,-0.014061643921851568,0.06126923767006429,0.02107807746397389,,,,,0
2002-05-31,-0.1159443844181033,-0.1542255511987995,-0.21862852107441602,-0.043071611389608355,-0.03056710171075799,,,,,0
2002-06-28,-0.0020775147161333288,0.12040163599912138,-0.09156971447779275,0.021834380009434384,0.03982072096461869,,,,,0
2002-07-31,0.025852949912038427,0.008956470871067265,-0.034894265929399974,0.05934811453741983,-0.0008364264864972733,,,,,0
2002-08-30,-0.17150136343126907,-0.3600096718463963,-0.17161352868454013,-0.001146669328317588,-0.16179422355998133,-1.619093434960321,-0.7652542179442017,-0.44024157067401165,-1.213996230186765,2
2002-09-30,0.047233007012176156,0.23391048505463122,-0.039407938092569775,0.005059415326007799,0.07139653763152452,1.021272745548879,0.25096965272994576,-0.3495237757518797,0.139780760364566,0
2002-10-31,0.029861276589930666,-0.046833256134193584,0.13538342525688674,-0.0026666130768105423,0.087250166654706,-0.2133028733100231,1.583432168398319,-0.44415919404165816,0.22696318672580884,0
2002-11-29,-0.10394380694577238,0.9791527820498935,-0.13714388569315572,-0.0505814324488122,0.9635087686930099,4.24135490240621,-0.5458571572337577,-1.0771032660208895,5.28164743592311,1
2002-12-30,0.00017733891635153624,1.2487084503275105,-0.045075991177985254,-0.03703455326534155,0.09710619993410044,4.15071524959958,0.1618493154551206,-0.8550841503113921,0.0649676386123965,0
2003-01-30,-0.006012096828645564,0.017796242022187603,-0.11585217912429911,-0.01014965764205334,-0.003300950519224777,-0.16548900442723583,-0.3849956174302723,-0.46830835839246643,-0.35783835278775883,0
2003-02-28,-0.11919688507068942,-0.28472699812523405,-0.12293792064666391,-0.04372987734878911,-0.19696976314870324,-1.0066910069522117,-0.4330754904446633,-0.9169680693154485,-1.1772444743040298,2
2003-03-31,0.17127067037264201,0.1219745223336201,0.03798416917315028,0.06949821686396712,0.14679426425324507,0.16042918614119206,0.8482421253954547,0.6589472813612398,0.32502276045470785,0
2003-04-30,0.09471829910472156,0.0024024651272594047,0.09964658869892698,0.02576355263642128,0.16206553536298815,-0.18113880191911214,1.3160424663173869,0.040388719175654376,0.3852484424105127,0
2003-05-30,0.0546232395217579,0.04421584275594916,0.03337742608727696,-0.001755774038654671,0.25991001600008196,-0.05796757970371184,0.7414420845276514,-0.3463486947117389,0.8055118700180522,0
2003-06-30,-0.004934584946513742,-0.06979701609805655,0.04195134033775324,-0.009591344123892506,0.037322340597168394,-0.3905042657428725,0.7927137964543418,-0.45220216785867107,-0.1902693915394242,0
2003-07-31,-0.008560484753616645,-0.14686774059340227,0.09759714680368452,0.00960387627491206,-0.0941843030137178,-0.61242156190361,1.2179922020377079,-0.16825801930798498,-0.7728089914551923,0
2003-08-29,-0.062090204545538624,0.008384869540751405,-0.14168510870739834,-0.014881619024016546,-0.005273038123998605,-0.13690542231049554,-0.7183120658788975,-0.5233479573195479,-0.3577748378441931,0
2003-09-30,0.006642006393780001,-0.007161780492987842,0.10061252343525276,-0.013457795701258915,-0.03285443132304674,-0.2040670470509839,1.2130926204839036,-0.49169800292783133,-0.49678562574096496,0
2003-10-31,0.004683283466679318,-0.04372622347019495,-0.06937899089522674,0.010993005159345608,-0.03245501270199653,-0.3322785425749931,-0.241754804237619,-0.16224036650122867,-0.5520913795492705,0
2003-11-28,0.010779595649722449,-0.02839847758214383,0.052783951507762134,0.003043068400704241,0.12136817900484648,-0.28100388132880694,0.7451282348246228,-0.28233518627098375,0.21411037781734743,0
2003-12-30,-0.02248532306171906,-0.05711974437827476,0.028027834320343274,0.012239264808297326,-0.01068123258607256,-0.37324632826709603,0.4899297527300477,-0.14842625966781894,-0.4425484104988784,0
2004-01-30,-0.002436558771596844,-0.030773613144348434,-0.05973658414327576,0.015839294861440374,-0.051722177425992936,-0.23892402775552912,-0.24349442379225358,-0.07648257966011761,-0.6111598022327381,0
2004-02-27,-0.008658734102371824,-0.13233977157882043,-0.048603624122202975,-0.02005876388437287,0.010222304000703075,-0.5749338948565182,-0.13711609105148825,-0.6018367155465834,-0.27676012383306786,0
2004-03-31,0.04720437307862776,0.010094956974288864,0.1572944579493109,0.013949708982154908,0.07768719572728786,-0.1120185195843072,1.6556249106233403,-0.09183156508241543,0.07734119545806614,0
2004-04-30,-0.08383787499443658,-0.09023691030491739,-0.10613655647006236,-0.0407547734364635,-0.034242139558651075,-0.44499385486865667,-0.7107831281984709,-0.9113610630739742,-0.474221545277886,0
2004-05-31,-0.026095510028713752,0.05563130604203306,-0.06943945423419946,-0.0004306296547785767,0.24276641172575575,0.06583590773898257,-0.36007813610404726,-0.2503337991937903,0.9101086217973154,0
2004-06-30,-0.05990313437922003,-0.0811486081422314,-0.20466062596065898,-0.0001313563587032644,-0.09461974858798694,-0.39145648242810505,-1.5204276445473135,-0.2284698861150289,-0.745912505137133,1
2004-07-30,0.06081936061511272,0.09746185056404609,0.14081873223502087,0.02862883607744999,0.05554690133842108,0.2357287172408611,1.4282144195912865,0.18769470134434363,-0.002716759814305767,0
2004-08-31,0.02111786707111132,-0.050829810293318296,-0.15374577613314291,0.04558139145828916,0.13185332231829072,-0.2781055487726275,-1.0942571396886203,0.4291926727495857,0.37977536623385566,1
2004-09-30,-0.005811264110377932,-0.051081971974263576,0.03612204835639427,0.025909906962133324,0.10051575932045781,-0.3061814176163963,0.47698759098398247,0.07719870967763116,0.180956161078408,0
2004-10-29,0.06801643725144159,0.11608909273183748,0.009809225125020471,0.07698641605687813,0.23607030518743216,0.29953752311516163,0.3406815349959478,0.9064948455668937,0.9459604512228491,0
2004-11-30,0.025483525312858194,0.02185675900259847,0.0342490625333624,0.0006275259167205023,-0.021423004614121496,-0.03493325674001017,0.5532272576234831,-0.31873813359803416,-0.4099820213538932,0
2004-12-30,0.2588959267268528,0.4004066769084458,0.46083318758650826,0.06672587577220729,0.6434529159829773,1.2552153727041984,4.5080263956335624,0.744848123834782,3.044862901889341,0
2005-01-31,0.13016387540107952,0.14374428317895183,-0.06154598559411735,0.1891517917987104,0.17032395267949738,0.32124064408464903,-0.3500380589732069,2.653809916964331,0.43931334958723695,0
2005-02-28,-0.05482823784858172,-0.0619678539732011,-0.08385726105564104,0.02725543155703196,-0.23904217508300232,-0.4071909873236109,-0.5158795103210173,0.04582558925989127,-1.5371464020273784,1
2005-03-31,-0.036780408985633825,-0.03900503474278104,-0.16363844917939954,-0.003288290395642949,0.044253009391398215,-0.31668240617661003,-1.081647271043446,-0.37640967326737707,-0.16685374414534274,1
2005-04-29,0.10366888426326859,0.16567426598555118,0.3170427138190633,-0.016230312621619877,0.05546962934137533,0.3844080785875874,2.5884614563022903,-0.6654760131319605,-0.09200747305394895,0
2005-05-31,0.11259734872866906,0.13544920262370114,0.21101911519590744,0.0521268035816318,0.4868404013709341,0.26561318408040874,1.5619357629650126,0.9378518046994815,1.9077850488906647,0
2005-06-30,0.14701455595691176,0.18153938742793677,0.11691100739079575,0.09266906095032074,0.06803906512038438,0.39750537057557933,0.8121009052378025,1.8244063001549078,-0.10036399556825659,0
2005-07-29,-0.05467992812708112,-0.11432890440171285,-0.15272538635593555,-0.01664098589490533,0.05729257436273482,-0.618891021677488,-1.1325681615991559,-0.7152270401660028,-0.15171272520236778,1
2005-08-31,0.14674816617131772,0.1613726472016114,0.06322039978179733,0.08723370840379338,0.13336891064581083,0.332269522704741,0.4069926203727048,1.6405768918284722,0.17988714609397957,0
2005-09-30,0.07757219985829533,0.09555301600280759,0.08655732421667599,0.035907442316265976,0.17310885678705512,0.06130332560770665,0.5344720295253265,0.42766380335331255,0.3266352677055034,0
2005-10-31,0.18911340300183443,0.22497873493996373,0.048982733521174084,0.17159490326840376,0.2866250934762094,0.5301457794571909,0.24312467912077732,3.3248152423957813,0.8285460187763384,0
2005-11-30,0.014802389430048416,-0.0865204125293772,-0.1394316701726593,0.010400227976536535,0.17486199177418188,-0.5910119202527929,-1.082220632529392,-0.2137706475344227,0.2935087232592879,1
2005-12-29,-0.01381577294597694,0.045471822894070674,0.011253688888866568,-0.0034521830396345154,0.18049584130165114,-0.027727930147259404,-0.006194262079787289,-0.5208123636634683,0.5520897920363401,0
2006-01-31,0.001298585956680663,-0.02204223213109558,-0.026808163221756425,-0.001818851397463269,0.09730905468873668,-0.32324233798426705,-0.28960937991668906,-0.5155024017401059,0.04337343543030819,0
2006-02-28,0.0007867641332423486,-0.06084525010926475,-0.031063693176959818,-0.0015456209990928449,0.08350985710473711,-0.6212412198453205,-0.3415891264406313,-0.5161317777856492,-0.055153980850564006,0
2006-03-31,0.0444407548453922,-0.0003086778691801554,0.012531898139615742,0.039275683230448145,0.17040557930383265,-0.20799263191021086,-0.04529567092181696,0.27285355691716917,0.43481653449267005,0
2006-04-28,-0.08244242759927897,-0.08021330097432547,-0.04053792354218256,-0.03463983762814637,-0.03553017347259623,-0.8758848819363423,-0.4291836362452175,-1.215909982323382,-0.8502294989219841,1
2006-05-30,-0.052192876106989125,-0.047410993553164485,-0.06618077663723948,-0.04338645156643844,-0.06083873459126072,-0.5646247825486821,-0.5903435956933991,-1.3331227126745644,-0.9660549537137044,1
2006-06-30,-0.02831591235205927,-0.11526865279455013,-0.09154994714303889,-0.01757850827881519,-0.018865954375442386,-1.1231328646189296,-0.7531701017021939,-0.7771296418399519,-0.6540044838572084,1
2006-07-31,0.041522142775196044,-0.061464792751449386,-0.11232364116905066,0.066076665915859,0.0564952076353696,-0.6439486277796961,-0.8719944826342658,0.863163644598579,-0.17720275286139414,0
2006-08-31,0.06024846416482275,0.26770689304655815,-0.0004354762449006751,0.028252648882509262,0.13018538780472236,2.1786997995146713,-0.01623208532266992,0.09306884357375614,0.2553188529757714,0
2006-09-29,-0.008930649022064849,-0.012958162660320774,-0.019242415650472917,0.007900086165368522,0.01258114777754659,-0.30087501101252007,-0.18376428674335935,-0.32650484520913425,-0.5076821018000301,0
2006-10-31,0.08150907932103532,-0.0055065833973186725,-0.018577703681785938,0.11340044861822056,0.1979245389704721,-0.23866437431984355,-0.15543233787925503,1.7307860674121258,0.6548118028919147,0
2006-11-30,-0.025281758870176047,-0.17189561645965065,0.03192319818525245,0.0012304234762224161,0.003991509757518674,-1.6103431849762828,0.20907226833094378,-0.5071155860113962,-0.6157219030797592,1
2006-12-28,-0.02330186094817616,0.06347851349463367,-0.07621960451192508,-0.017160545491660555,0.03837431204706641,0.33793490291638756,-0.5916572819729792,-0.8531332481047242,-0.37464475363702726,0
2007-01-31,0.04519442229922781,0.13298810080954587,0.04897858887055707,0.04377553452920856,0.030268115068150456,0.8657517802756249,0.36068837266575376,0.3099441137351907,-0.4365958578212196,0
2007-02-28,0.0942884569274455,0.17219030997527848,0.0042300708816737234,0.07796285030085306,0.22973877917571983,1.1332226533308276,0.006487862649165154,0.9345486180798803,0.8250628871808233,0
2007-03-30,0.07304510265309172,0.046954324529398246,-0.07903903135735986,0.05624966356089787,0.07992867478464745,0.0777206192810417,-0.6239879314680197,0.4777778902264671,-0.17541552611238498,0
2007-04-30,0.13192833129912213,0.023917879511312416,0.10633893360361421,0.0955822972383589,0.12893952432890535,-0.11375942258050264,0.8157204211089747,1.1896961037188596,0.13765979487457736,0
2007-05-31,0.04251923568210846,0.07712194468880566,-0.07672614335148006,0.03681569013942449,0.000267395215871787,0.28890901159898613,-0.6107208312145268,0.021543063685892483,-0.7230037057812859,0
2007-06-29,0.08057047078500432,0.031549975033901646,0.004099841326405126,0.0876454931618645,0.01216285586918168,-0.08419653696294897,0.0010648797524708971,0.9663289141846254,-0.6046637590555274,0
2007-07-31,-0.023035389494447958,-0.09387789743331917,0.0009560114946577491,-0.03901267291789357,0.25284801860350753,-1.1387807444562983,-0.0689479325177292,-1.4749483060178739,0.9585163361910045,2
2007-08-31,0.004217013239402584,-0.08303826595556602,-0.02317565987117134,0.09034052073437682,0.02922255387053765,-0.9917273913919687,-0.2311549365672341,0.9729476562645433,-0.5535638465867792,0
2007-09-28,-0.04133346732407267,-0.11415014165579915,0.10437646300607864,-0.042931062785690983,-0.011171184605905342,-1.227895912080774,0.7727533050458949,-1.4740237053456566,-0.7965124947446854,2
2007-10-31,-0.07495837263359806,-0.07133797531951926,-0.1400344108169034,0.010830611957871017,-0.0699382181748255,-0.8584312529303051,-1.223931508751788,-0.45310604338306953,-1.1499290928582466,2
2007-11-30,-0.01302932796900417,-0.08450884308041938,-0.2202309343834662,0.02756402655373211,-0.030673237109802447,-0.9177184861831369,-1.8013636257679737,-0.12714730371826152,-0.8345266577065106,1
2007-12-28,-0.10436702326159368,-0.1191669751607278,-0.09004151038639667,-0.07282250415753727,0.13357263959984864,-1.1541884056546454,-0.6848133329115142,-1.9239679999184238,0.2221540736931841,2
2008-01-31,0.07687310143243697,0.13308701769610695,0.14225369370782887,-0.014547612752911446,0.13489368423386783,1.0417216064910988,1.481973792532725,-0.7848043425694948,0.40059271863944207,0
2008-02-29,-0.03743219905436452,-0.1650577449924794,0.04149408211347024,-0.023098964671592923,-0.0855033147755937,-1.580480915941221,0.4673950652064397,-0.9304729937284613,-1.3596034568081607,2
2008-03-31,0.018704360413232986,-0.059063372688723595,0.013198345653213395,0.04903015342240334,-0.011707888770706328,-0.6037914669666905,0.1767152355000031,0.45824692414450857,-0.8642222141012983,0
2008-04-30,0.021864966895906706,0.10543336923474242,0.04590750773316017,0.05812359088470812,0.13221274054579923,0.8086414305810251,0.4465761645416809,0.6021753041350864,0.39249838330511677,0
2008-05-30,-0.059831721337652424,-0.14852531179762435,0.04963005585552165,-0.011146859387525635,-0.0891012675464473,-1.3697411059409539,0.643784211962567,-0.739601346907898,-1.5250804296444533,2
2008-06-30,-0.06062798384173921,0.16179846535415227,-0.05441708449494174,-0.04857050850678519,-0.0103127450211647,1.3844608896361887,-0.4980417433840311,-1.4057824950053306,-0.8426400673494747,1
2008-07-31,-0.11777748570200465,-0.24986879297942918,-0.2092808227734361,-0.035222655266551446,-0.08112724934649038,-2.1769166182109725,-2.3880164445362504,-1.0780934101704724,-1.5248484177133983,4
2008-08-29,-0.06295060213386136,-0.1530216196547435,-0.17091009190354442,-0.0353143954021932,-0.06287983503272257,-1.2390250409541195,-1.817013226139675,-1.060721399168045,-1.2626142899952695,4
2008-09-30,-0.31787427572908006,-0.47661829772423725,-0.3943569790535871,-0.24923351157468693,-0.3293764368255177,-3.867721873031276,-4.292339493744312,-4.998625811503475,-3.7508230354588767,4
2008-10-31,0.009612634727613449,0.024646370288053433,-0.05215816205366138,-0.05817640076665304,0.09042323789296262,0.3696354478936265,-0.12440135257564283,-0.9878355217444481,0.35707652937286344,0
2008-11-28,0.07327698542854093,-0.06902323513012322,-0.06288883851294293,0.032608202332190486,-0.0309270450496167,-0.26492897917905395,-0.20313349137691492,0.43874579486613646,-0.6369113781831062,0
2008-12-30,0.06766365261669803,0.03373064375158399,0.06613490486579934,-0.02203622096658355,0.09527199791779341,0.49265282487295,1.0500320233754765,-0.4133309153092331,0.526801588774797,0
2009-01-30,0.009522059317057144,0.13957062016708263,-0.05767076301597214,0.013285290591524675,0.2133842656741568,1.2811630400554217,-0.18798606654245098,0.13822317509239196,1.6312162294447279,0
2009-02-27,0.1226221648766926,-0.08400470584755274,0.1597793713131218,0.056202406542334694,-0.11842049164213327,-0.40222550727975104,1.9464198820293481,0.7911109564941844,-1.365864959473885,1
2009-03-31,0.23429209975945528,0.20387180309259556,0.2746367881405564,0.10665037616335002,0.2371408462765432,1.6891264129691423,2.870202550455636,1.5285836424764472,1.7698228138283174,0
2009-04-30,0.06295231434253407,0.1830355162681774,0.01922939917789893,0.02123400066769464,0.18618324490564878,1.441509029801985,0.3860579942561461,0.19320798712685033,1.2850489320828609,0
2009-05-29,-0.02925876876086054,-0.19285356895160266,-0.10899646512725564,0.01663632109863347,-0.04211637998549571,-1.2013676497353027,-0.7038357621691415,0.10271985614516131,-0.6721240915649929,1
2009-06-30,0.06477844078662826,0.03827166500032163,0.05490602415404928,0.01278678436514809,0.035939557427314514,0.3907148264792907,0.6769789749313326,0.02077623550238392,-0.03222237148579903,0
2009-07-31,0.018801159495982364,-0.12771311980870706,-0.012752730471707463,0.01602183823784687,0.012032657046379229,-0.7483149325302817,0.07854173644017956,0.05686871814282471,-0.24366506318858122,0
2009-08-31,-0.008662953456550382,-0.18266190680111036,0.011729796169076826,-0.0004382232426327885,-0.08958854697318835,-1.0969042236719215,0.26154091618555403,-0.1718426946494689,-1.0773172162684483,2
2009-09-30,-0.03634575195755383,-0.06926235352666656,-0.11649866714201022,-0.023875123999748893,-0.09717948597280081,-0.26931051593381733,-0.8174707329571023,-0.5166162506369438,-1.0818314405912206,1
2009-10-30,-0.03389391217931882,-0.1615778965370714,-0.19482489198137243,-0.01203843110556115,-0.08305467844819499,-0.8969803324554878,-1.438774065845079,-0.32179242800797475,-0.9255690767338574,1
2009-11-30,0.08054436888964495,0.0826040570877352,0.08737048345930583,0.01259271732493417,-0.05965935412943706,0.8138745650654652,0.922161969225008,0.10859416167464216,-0.6833642452963161,0
2009-12-30,-0.024466821803371508,-0.043425412856819376,-0.11807846499623764,-0.04458813699835467,-0.09617896688844224,-0.09781846997673548,-0.7449138815093849,-0.7962795210809723,-0.964148696097732,0
2010-01-29,0.026733498914578935,0.023669987273673084,0.055872576292372175,0.0007993939500770911,-0.009978063530308553,0.38613478077254193,0.655032649669881,-0.06950156833205025,-0.22380959588217117,0
2010-02-26,0.034828971321005986,-0.08521106824238305,0.010282122456389394,0.061805191868872816,-0.04610782789509561,-0.35176669244810754,0.28980396612719483,0.9073284548430972,-0.507135095810692,0
2010-03-31,0.019102595014005394,-0.27887421276677593,-0.10881792462240064,0.0018485722935588109,-0.19772322676606122,-1.7158940012810955,-0.6597483332165146,-0.027792203684747836,-1.7453681204475238,2
2010-04-30,-0.06961249346654362,-0.0878823481578003,-0.059986773578663125,-0.025032839622520463,-0.02925975369254278,-0.25611519317846526,-0.2634797063690377,-0.4338625100442373,-0.24817114832702605,0
2010-05-31,0.025350308979165907,0.06670848352656332,-0.014624401981533534,0.019368444900651594,0.25180870136798633,0.8538900452753933,0.13509693401069814,0.3405275992747951,2.113273546339383,0
2010-06-30,0.02235109340030052,0.0006020513362107109,0.0574372052226657,-0.001189299688587564,0.10378255730461125,0.39098771727042353,0.7031434473400157,0.009161961953631425,0.7817410773174766,0
2010-07-30,-0.020195705882762434,0.042865849690631834,-0.09783374566809062,-0.005489541539484403,-0.006288434878216217,0.6975240026370754,-0.5589780800418607,-0.02193501745266193,-0.09754287585765484,0
2010-08-31,0.04971964703810365,0.019282884771319543,0.0023175051485819,0.028424544361381917,-0.021384438981109564,0.5009072197755132,0.2658796710274764,0.5461776984127783,-0.16801293110639304,0
2010-09-30,0.06570170086920797,-0.010793127255535639,0.0864685772646773,0.04645386128753358,0.07851915650605523,0.26841240632438035,0.9323743561564587,0.9175460572196266,0.6632861053554163,0
2010-10-29,-0.04842528011430108,0.10067915141532907,-0.13175491313710533,-0.022137106648426396,0.03557377723194291,1.0332554088699197,-0.8106885646894447,-0.3483555669584454,0.288686443406247,0
2010-11-30,0.033139803383377464,0.01679792939078323,0.002070974225888792,0.018443505833354155,0.20568789280251912,0.40363253915071023,0.26163565614662954,0.3880457362274727,1.6587943279239263,0
2010-12-30,0.011145497458844194,-0.005467815349080311,-0.04086192557662559,-0.010558002938003038,-0.010215049632285164,0.22940091820782402,-0.1377085277990255,-0.12219829942801536,-0.15725713588170528,0
2011-01-31,-0.04299890287602603,-0.009115990678458367,-0.07872195003052923,-0.0093256054420589,-0.03835365048266421,0.18293421522029923,-0.46596864634983964,-0.1339985443177592,-0.3530099992957606,0
2011-02-28,0.04486697576353569,0.0400646740727779,0.08867562581798624,0.0068054252297353734,-0.017761610841996813,0.5639183964308894,1.009799977355342,0.15670473518408579,-0.15156755549219175,0
2011-03-31,-0.0025080702799093173,-0.18707329118266328,-0.029817681919554827,0.007261372418162767,-0.06855911577302497,-1.0979880062640897,-0.017382624287383443,0.15017565624335155,-0.5839952580721409,1
2011-04-29,-0.042874885365028245,0.010094157868232867,-0.11447590701958514,-0.012686586553287912,-0.01215100599914974,0.33306498050984434,-0.7278509099723901,-0.19451293019869306,-0.10865130788925784,0
2011-05-31,0.002375016146520583,0.05670902165615858,-0.00043064115867504543,-0.008971761081140317,0.06528640723775843,0.6889884101023365,0.2805327592432266,-0.09136736849956885,0.5647690052908498,0
2011-06-30,0.09210690912647737,0.1328816766681646,0.14656456352974045,0.05429654936648021,-0.005312131192768973,1.1950031351508994,1.551745705459853,1.0957725147427788,-0.056309720576863766,0
2011-07-29,-0.08392420278054387,-0.11807650789503026,-0.0745381680198092,-0.040547612184523026,0.055765992245433396,-0.5993070866820636,-0.3755013910736318,-0.735064913333108,0.4507049922678438,0
2011-08-31,-0.10538222871605273,-0.1713478484153626,-0.13277996442868978,-0.038723427563828065,-0.12389797894379122,-1.040992652996908,-0.9174318029106674,-0.6968811888301244,-1.0804967212017282,2
2011-09-30,0.10473700041714434,0.2373295746300156,0.09440157721414186,0.021664389858712812,0.3262105860478532,1.9928844996207868,1.0265005795436588,0.42997662138260767,2.6635505141704625,0
2011-10-31,-0.0016494921229289817,0.006456582949870171,0.04255849709749968,0.017071576549254903,-0.03188919619124443,0.15437097651675527,0.5421619068886568,0.3328618175667591,-0.4527541682550487,0
2011-11-30,0.039404865817428816,0.062271556530855,0.10200386696180402,-0.004987807163715008,0.01972513754166501,0.6268159699479614,1.117412141086993,-0.4232212530246697,0.010196602943100258,0
2011-12-29,0.07008491062819935,0.10933441135829979,-0.040427956470341954,0.005251569410954223,0.10828076445082034,0.9889939010191092,-0.3684289434348662,-0.06108318196072795,0.7471163436561948,0
2012-01-31,0.10452135937547266,0.11405682574080972,0.10364445950085892,0.047650998662279155,0.08662070999478806,0.9990232834357093,1.1101863122921345,1.3031428797804716,0.5596987576549771,0
2012-02-29,-0.03199058834580048,-0.09956506927419646,-0.06506327702729467,0.011415347045903135,0.00672224666141139,-0.7671295208618626,-0.6259178434240719,0.08212805273293414,-0.08774609639505233,0
2012-03-30,-0.05244706078693116,-0.17122272134486788,-0.18842605990073535,-0.007053753155859743,-0.029442400981454342,-1.3566973414670465,-1.8535274972607065,-0.4864316755110832,-0.44324867591992173,2
2012-04-30,-0.03613485146054767,0.061395297193070096,-0.039161378320928406,-0.02644837938477642,-0.0558259306320132,0.6766762637083256,-0.2017098117171673,-1.2367757942736075,-0.647820478245136,1
2012-05-31,0.053152341278951985,0.1766016337805222,0.07423427703091058,0.00508020362626788,0.14100112163069775,1.747109614749302,1.0947124312903571,0.07718464822197028,1.3187211393542806,0
2012-06-29,-0.023343292018381732,-0.08685048500887095,-0.13116675585171406,-0.006190998612116172,-0.022482980618215073,-0.6602700581957506,-1.2762994761686248,-0.35658425967538276,-0.3227641401629293,1
2012-07-31,0.06329320461389504,0.05007560427050638,0.21477115292910354,-0.0006380068003059606,-0.012400214415633323,0.5667509390068067,2.643621544698024,-0.11563138411178983,-0.21047317397843038,0
2012-08-31,0.051057379005812434,-0.04270714409843128,-0.10186337507894432,0.03581772048509799,-0.048185818418630275,-0.28883944616998936,-0.8676591213566814,1.3545661532108448,-0.5463788872012266,0
2012-09-28,-0.02476599172034602,-0.03486432553701766,-0.07767379957786004,0.001505914018865769,-0.06279398873822652,-0.2626607937856449,-0.58411026510924,-0.05112625866879173,-0.7032094459095136,0
2012-10-31,-0.023933036335099436,-0.05394057980859267,-0.05280322670125511,-0.01113825160668742,-0.04546000860942221,-0.44699390244764775,-0.3471969160918726,-0.579139248989678,-0.549662180922742,0
2012-11-30,-0.001304644752035696,0.08414067478451666,-0.03274616501278198,-0.0051801512141441165,-0.0329275504542652,0.8114270066167313,-0.1920854508923087,-0.3450375559598075,-0.4412415195875665,0
2012-12-28,0.040670936001194855,0.1144240884833159,0.012616572491900669,0.00790823200597294,0.14571242637756257,1.0955634070352946,0.33316107939126494,0.19173559601054654,1.3097802710183848,0
2013-01-31,0.0437304774942991,0.07003031410420031,0.06699045121684737,0.020921834565792555,0.009846725175373898,0.6280151782421444,0.8984967894537859,0.6849996267722035,-0.0946554744296476,0
2013-02-28,0.037329336685540615,0.0012150805269000328,0.03956533704124195,0.04376156622494868,0.0036614047566877585,-0.02206358035186814,0.5907780636027637,1.6055635571123315,-0.16082283931082297,0
2013-03-29,0.028755707158630742,-0.1661513708368813,0.09366775270037872,0.024061934166683563,-0.1683184839666449,-1.6046723776095573,1.1724271630478273,0.8456077253027359,-1.8718945517553554,2
2013-04-30,0.04289502657964586,0.21877327377523612,-0.02696899715391,0.04035241142039128,0.09227294689545906,2.093414927879723,-0.21073201846309375,1.5111800631249785,0.7025299709095668,0
2013-05-31,-0.09671425671256813,-0.08133396731099349,-0.16766256810174948,-0.020259269570243283,-0.03416785730776314,-0.946409307759928,-1.766602503940338,-1.165587914405936,-0.5984751993068533,2
2013-06-28,0.04978133381782639,0.20129986803835762,0.021811576354740278,-0.008763189913383315,0.018846421123127545,1.7793800100233794,0.3459727106969544,-0.618325080151192,0.01249514807435014,0
2013-07-31,-0.03580940817488017,-0.04818939599665577,-0.08537481126131094,-0.0019600984501596383,-0.12469564326270995,-0.611778298260206,-0.7771661637257965,-0.3213733323643868,-1.5330227521648543,1
2013-08-30,0.030067053965771685,0.06384421795558108,0.10337955064202013,0.001581966033941684,0.04176342848588255,0.4276296699380381,1.2229234124115784,-0.17710138636677958,0.3154239609078635,0
2013-09-30,-0.00910036901629636,-0.07813196665613183,-0.03690523596909306,0.008910709256915166,-0.050047576755110186,-0.866177294171469,-0.292039305176824,0.16456135903531913,-0.6779254998571503,0
2013-10-31,-0.023211538217536565,-0.042099435796990735,-0.05039920315299875,-0.0028355682240236214,-0.03094942385043668,-0.5190756267900093,-0.40238241250556184,-0.3055608920492088,-0.43761265445938613,0
2013-11-29,-0.02709782432269635,-0.054423172935135926,-0.06893884670616468,0.018607851245799098,0.02724365742411804,-0.5967893500203594,-0.6353345170502622,0.6402105264297901,0.2002225935477204,0
2013-12-30,0.02366835277816211,0.07355458033393972,0.05039526225457304,0.001386529066602804,0.0002402465396490879,0.5682116365477973,0.6695734929253917,-0.14378353367777488,-0.036116353223938885,0
2014-01-29,0.03125854862138321,-0.0275422720434627,0.039054744477628134,0.014354128861244287,0.04933891766063323,-0.35398682206037785,0.5182882358851432,0.4341024214929372,0.5184181274777664,0
2014-02-28,0.03376217626398402,-0.01108537109248198,0.02054696313030634,0.014627161633863758,0.0009275747320073376,-0.20261665192846048,0.2870088292866946,0.4180790571173756,-0.05928404018524059,0
2014-03-31,0.03029706815374132,-0.03315850803253492,0.037957543610787674,0.020565039193152022,-0.004766972990323885,-0.3864590880149328,0.5011053125229444,0.6795180319896013,-0.1300023343473289,0
2014-04-30,0.0008318588088031878,-0.007920419462906662,0.01994957359726966,0.017592988791702974,0.13354671544141367,-0.20905404554334495,0.2839421937930913,0.5228940096361206,1.4377122359725578,0
2014-05-30,-0.008958169386417567,-0.0510546206527073,-0.027072850233537556,0.018564841721578993,0.02174194089452976,-0.6053431236519826,-0.27227134423539484,0.5327864519312339,0.10355951898392998,0
2014-06-30,0.02130675249121339,0.030807306535052117,0.06380458027108697,0.008176670134447365,0.07023687631609218,0.18317438014542914,0.7412143743115275,0.020671103941885316,0.662870263556194,0
2014-07-31,0.037708217684697516,0.08256871486468059,0.022203349063894758,0.018368083831186363,0.032520972941592924,0.7023484221142485,0.316764930013823,0.5912625013382903,0.21408771434567564,0
2014-08-29,0.00811602575466085,-0.032409970931212576,-0.022749881819502295,0.016280472323153255,-0.024511879164077717,-0.4430478558273418,-0.22945571193599829,0.44148688622671795,-0.4174628229531831,0
2014-09-30,-0.024360829949300025,-0.045450734414341463,-0.03801500917003451,-0.02229069934823411,0.07045853898039649,-0.6328776930877127,-0.45525875972189145,-1.901081582464584,0.636604980428907,1
2014-10-31,-0.003980600408808623,0.04038848318822503,-0.07137409846790091,0.005816933443014283,0.02262014108408713,0.329598374102628,-0.8218458596214456,-0.14737916215930977,0.2069457561282688,0
2014-11-28,-0.006483492721388537,0.011660347308237477,-0.010267429579373554,-0.001085888848631859,-0.012552069123311367,0.009889781794107738,-0.043978619020674854,-0.5265140858991236,-0.3278604309644331,0
2014-12-30,0.07301794376747484,0.11283585397431779,0.15766906912806272,-0.006164182044490988,0.08547386714594243,1.1185980111461435,2.0692951285038093,-0.8279201653585514,1.1154735428801084,0
2015-01-30,0.08104380153728577,0.11146278376272319,0.019579730231488367,0.05116712580698905,0.11893472311978322,1.1013990346193967,0.2789439006143374,2.4752222423826424,1.6328891973290085,0
2015-02-27,0.07560671575933478,0.14373145736292578,0.028756216038221188,0.06620373246756409,0.1864333293797284,1.4518082234403362,0.4232482308033821,3.284799656858039,2.568338195651414,0
2015-03-31,0.0658033572923407,0.03174747988560303,0.12260520930246036,0.07469475479408179,0.15075875183331264,0.16759486177943703,1.5240931046280206,3.226189759656265,1.8192965498098428,0
2015-04-30,0.0319261177493527,-0.025108069560197035,0.11387424416910956,-0.014606151427484748,-0.02246939930776067,-0.5351978501812692,1.3751940373136302,-1.1597361512993305,-0.5351536206831349,1
2015-05-29,0.027968793186201497,0.08128381366926793,0.09954768789042093,0.060549862179640965,0.21165032953995297,0.706692606387546,1.1177939562685515,2.1783916564052634,2.4781070610947395,0
2015-06-30,0.010230626534390894,0.045265625107809446,-0.11215160909573711,0.004477576619480287,0.0761021564182319,0.3395243536150447,-1.4895570052569924,-0.387384409675688,0.6642937871239487,1
2015-07-31,-0.05341668906916661,-0.025796799834038407,-0.083509882457375,-0.058902229533427414,0.04522162634753525,-0.5608127884298971,-1.158146692349306,-3.1075848566371413,0.24998281926648772,2
2015-08-31,0.03975558909072132,0.04751970531110194,-0.029232207179534363,-0.0051056717312284484,-0.0076825570004659316,0.354470109695418,-0.4184826604300525,-0.6619425342510834,-0.4211837557639342,0
2015-09-30,0.0348486828788627,0.06485040351890675,0.05341229430794382,0.045010178082696445,0.062241444764102774,0.537608818564422,0.683997882614116,1.2943018686459675,0.43091614108866017,0
2015-10-30,-0.002150782050362392,0.03201368656097459,0.011384579867943827,-0.03426222027915224,0.09535464858877572,0.10361564904250196,0.053881210085128174,-1.7478338994474816,0.8132424689702308,1
2015-11-30,0.008388785095733948,-0.027239959232573076,-0.14412191156227147,-0.016973760047735133,0.030202265678146965,-0.6592530471447353,-2.169757761695676,-1.0427948296822582,-0.06105412334832353,2
2015-12-30,-0.02960186496378041,0.07994542931887154,-0.0640317984630295,-0.02436381311595063,0.06784679603654557,0.7094511346930447,-0.9377178082517954,-1.2864215886963999,0.39989116655094836,1
2016-01-29,0.001907904817652235,-0.024366189993933095,0.00831241737124793,0.002398933557395714,0.0019056558133752806,-0.5811819411663762,0.055640507688782495,-0.2853250524187685,-0.43186111587963727,0
2016-02-29,0.07124832536757517,0.10555210918509009,0.1568331206169731,0.06349255823429772,0.015854858155270445,1.0854951570306852,2.056775551900219,1.8828584760771234,-0.24437121884793012,0
2016-03-31,0.04084772784996001,-0.025309734058190713,0.12665224519044652,0.011374620690535435,-0.009381702856635725,-0.5880895301222283,1.527993115422376,0.02830737737459045,-0.582770015230927,0
2016-04-29,0.0010556435412116835,0.13192155280654472,-0.05166093960964443,0.03259147214998854,0.06426361493773496,1.4208611466761576,-0.7253567591464442,0.7678895422356039,0.371364481142907,0
2016-05-31,-0.0032516598891133503,0.0076840171333319475,-0.04953936850081482,0.00760851791581572,0.16673045352225166,-0.23046489614650922,-0.687012409992682,-0.08181411650180075,1.9098218478537066,0
2016-06-30,0.06305410530689194,0.14266243027331793,-0.09640637371574619,0.009895994680122288,0.03339959863106845,1.7392461091410936,-1.394372255543426,-0.030048008345847855,-0.1518433818836751,1
2016-07-29,-0.036351174514888146,-0.10504199169209863,-0.056019975895315356,0.00974406941475838,-0.004019640544338791,-2.048794662825316,-0.7971662417625656,-0.053932802273076924,-0.6984400003894342,1
2016-08-31,0.03584443323422953,0.03132067675467457,0.028544587379992565,-0.006267954657845613,0.002149325930895929,0.1277390440081859,0.28322309499295517,-0.6330528568588514,-0.7171527718018228,0
2016-09-30,-0.06762416863233246,-0.02763177404221499,-0.15632591345868532,-0.02057212314244678,0.03617114044918843,-0.7591704836683322,-2.1409025594726074,-1.1278465772719155,-0.1628477806473703,2
2016-10-31,-0.02472648470053408,0.04237267050942714,0.012387306034613476,-0.003685443568467998,0.00845812679191154,0.29747639747931176,0.13842766566459486,-0.4941913725531396,-0.6557042720143939,0
2016-11-30,0.04778324503168054,0.05375023753998912,-0.012752806102497882,0.0031890433822366116,-0.004938004294526625,0.4457604910015279,-0.20052440003171998,-0.25476673286848417,-0.9065856441196306,0
2016-12-29,-0.007547993363013631,0.08260635836689151,-0.06904876950792269,-0.009231236776201423,0.03316756425230286,0.8767509375471804,-0.9426598180356612,-0.6708527922172774,-0.26137674104909786,0
2017-01-31,-0.0038503864360046746,0.030348661513292567,-0.13467295805151144,0.004959536431645325,0.053865840656727206,0.02151423051032126,-1.727495162888665,-0.1674891586686247,0.06208307524264045,1
2017-02-28,0.015940283899503662,-0.0024974444570724547,0.06021779112612267,0.014822405386065404,0.17271529998336954,-0.5445101196503991,0.780138519213413,0.18194392685234936,2.0162109556727636,0
2017-03-31,0.00916520458123241,0.0037710312115941075,-0.16959454368049684,0.00168805765867401,0.027059575875708307,-0.4465136598002938,-2.0334910795897185,-0.2715760319671282,-0.44015988759546415,1
2017-04-28,0.03604124028223265,-0.10273710479473346,0.048867810646749305,0.0020438475259196474,-0.006058222079292371,-2.2482520807097024,0.6590282407123215,-0.2414824467035709,-0.9858751533602464,1
2017-05-31,0.007234561052139599,-0.012575047554297437,-0.018435621834128012,-0.030756709899995748,0.09338882585601778,-0.6572845313398353,-0.12780001371414118,-1.3607135263429335,0.665495222786382,1
2017-06-30,-0.0327740196169734,-0.05364847385231981,-0.04903533390443912,0.05364786378928826,-0.017992045959013263,-1.3419947730620587,-0.48295255288746997,1.5682442313632614,-1.15452915457314,2
2017-07-31,0.001803627956209681,0.02619614854363178,0.0797376506073198,0.007470199771311248,0.019315830072642096,-0.02789273674255262,1.0430058631415708,-0.03344057165743288,-0.5081140456220905,0
2017-08-31,-0.05360971722245322,-0.10568538940096704,-0.02107244424136434,-0.03701012350908542,-0.05132612127669075,-2.0824435172070985,-0.14240416765272865,-1.479712583029132,-1.6124680628641852,3
2017-09-29,0.03155879671231073,0.17550681213787708,-0.0280245692902196,-0.007771687688341922,0.059149303849162366,2.2731776018318506,-0.22250267144300453,-0.46087997317762264,0.13498731319958224,0
2017-10-31,0.047984719796347816,0.055966886406603876,0.1455290985300939,-0.005812325424821633,0.12260551822030667,0.3637273020905664,1.761921964886539,-0.41520494340713215,1.1230188169043012,0
2017-11-30,-0.0059590710382242,0.011161181569043103,0.02381087203889332,-0.004790075555925781,-0.00956840949482756,-0.2824727018582437,0.2890167784412393,-0.37110856923698854,-0.9538318368844507,0
2017-12-28,0.12551579173711297,0.17336260000384165,0.20153592975138857,-0.002716597894425184,0.13763751161318397,2.032482082561721,2.245127935659396,-0.30104872092343254,1.294640963879852,0
2018-01-31,-0.03369338396041647,-0.05258007350953449,-0.012025177587358545,0.005006665784921967,0.03908047181923115,-1.17085251793108,-0.12833358446605436,-0.056941049537744565,-0.22998048436637736,1
2018-02-28,0.0222131658746982,0.1891460952942819,0.07013617313284408,0.02296911332020131,0.03294802680647764,2.2118481966162875,0.7665807681984279,0.5772391539129788,-0.2925433903814838,0
2018-03-30,0.057351381565872286,-0.016711962598099754,0.05710537377078581,0.0025117776447303583,-0.009838411608842539,-0.6118750585046026,0.6095902347797617,-0.06254233055702513,-0.9361565126696079,0
2018-04-30,0.005621144148213374,-0.0002550822405187373,-0.032658997018577045,0.016311756991027,0.012140380986175026,-0.37333708954781614,-0.3384712561648491,0.5406761203775161,-0.5236099089887744,0
2018-05-31,-0.06725065048348047,-0.05863859618140004,-0.17894209164161193,0.010119387595143655,0.031338269776434426,-1.1603625117153022,-1.9345426367997434,0.2693474950919639,-0.22193343549800668,2
2018-06-29,-0.025149898642364693,-0.028350737019818727,-0.0307602456496495,-0.011893013321642039,-0.02645621272526084,-0.6986132028635911,-0.18762397894461189,-0.5695743963651712,-1.2762832068140897,1
2018-07-31,0.03138444769856137,0.019959539811105615,0.039513221630940114,0.015752230510122197,0.03960080034815824,-0.03633860625159308,0.5593901136641163,0.6007328823263637,0.057647611355984216,0
2018-08-31,0.0009274177281688471,-0.04404628755652441,-0.0217370089214012,-0.001593716891178328,-0.03689957533139173,-0.8951422411195789,-0.15467153564365027,-0.22739229023547902,-1.4007037042797112,1
2018-09-28,-0.19469439253365417,-0.16431650827079272,-0.21769114371718848,-0.01904966276101307,-0.022013593234895393,-2.4207042978213167,-2.3309403422549333,-1.0326663952831474,-1.0817922563978,4
2018-10-31,0.08309722603283155,0.10989634723791356,0.09137492325849594,0.0025600949512625593,-0.0033786256846021433,1.1511913262672004,1.1088697159211598,0.0415897297420302,-0.679826887141376,0
2018-11-30,-0.021799989059821574,-0.057103724590891906,-0.03401305460469047,-0.008021938101395098,-0.02993895860133464,-0.8873038412516826,-0.21649293005509207,-0.5370939714979736,-1.137250098886386,1
2018-12-28,0.09742728559404572,0.1616279328131512,0.002287219374604125,-0.00026464234027776163,0.07806493046272785,1.720065546079086,0.12750445941444022,-0.16302995451008118,0.9091824698523848,0
2019-01-31,0.003529898005674424,-0.008596597508827996,-0.16354153656173856,-9.887711034321697e-05,-0.004680164181202344,-0.3130044014603401,-1.6443786787742252,-0.1938760801557621,-0.6222816289260396,1
2019-02-28,0.0012988256040843457,0.007736415032494126,0.0025147794867596625,0.026269943190761893,0.0455309858580965,-0.1310368999944444,0.1558437850344273,1.1797545345606844,0.3042434715026991,0
2019-03-29,0.05339999067430632,0.11235097660641648,0.06704079703708594,0.010618843202924803,0.12797180379142192,1.1183048653376138,0.8976753667654389,0.4822359937539489,1.8021830215387913,0
2019-04-30,-0.057702435643174614,-0.10645463584019461,0.0723123955906322,-0.03563394378145515,-0.014963632087224255,-1.457595860486588,0.9940141975561966,-2.2747118908940323,-0.8605482767549472,2
2019-05-31,0.03499139128268328,0.14820449842060815,0.027743446524005223,0.014557708578803064,0.05051279908861962,1.5423595291706365,0.46433062483175785,0.8145273952883862,0.3367874329723382,0
2019-06-28,-0.08545903426928826,-0.07626155537129188,-0.11407267913510247,0.006142206130047004,0.01429230414621286,-1.0412182870922522,-1.089167571278642,0.30957342447455194,-0.2672734655487473,2
2019-07-31,-0.016705029403111162,-0.00964714499709342,-0.07042420776270332,-0.019144210474292433,0.015133051566741522,-0.23764637731436222,-0.6097013182591957,-1.1540056849171063,-0.24066584134437963,1
2019-08-30,0.03121441020296105,-0.0188193473368895,-0.07891774949346221,-0.01476960430631717,-0.0033318436701608536,-0.3801573941882032,-0.6949221595739675,-0.8412906766733181,-0.6089356255670106,0
2019-09-30,0.014034220922352503,-0.0069750066519832545,0.0074039470350411914,-0.00477062118901909,-0.02505167718046515,-0.22697645100548033,0.26025956347259777,-0.25216453565223107,-1.0240767827502382,1
2019-10-31,-0.001430708088420185,-0.04780320297518889,0.001503185609970666,-0.0016153599361957223,0.07012387200034015,-0.706143509364238,0.15375180553302,-0.09947150088804609,0.8335620496043793,0
2019-11-29,0.030222769281772296,0.11114165228456839,-0.04097375826101743,-0.016805873892555535,-0.03034530750943309,1.1544412884106061,-0.31148101398779476,-0.9838521378590619,-1.1024425141186143,1
2019-12-30,-0.03128604120670638,-0.01239274110019516,-0.08134676457786776,-0.0042596868941883114,0.00451498728296672,-0.28053232857407784,-0.7472931117713655,-0.22118534291116942,-0.4258359116748961,0
2020-01-31,-0.07092298698304593,-0.12326043196320181,-0.1568095894449888,0.00478539984146504,0.00346067234642576,-1.5194809207026305,-1.5709351787571126,0.28973851846517606,-0.42966931990558543,2
2020-02-28,-0.1237594134069719,-0.13857520545798307,-0.045861152988716666,-0.0008208260544709134,-0.05373372421408997,-1.5969951930705404,-0.3414204507226942,-0.03198946337338558,-1.4708418925957096,2
2020-03-31,0.19484850644325405,0.12854720006293735,-0.044293057762216696,-0.004734884112687495,0.06661089282821328,1.3592586285613997,-0.29475152307441077,-0.2344601032022387,0.9771833519920925,0
2020-04-29,0.0781290921839434,0.1454067631196832,0.2487559892911436,-0.033720739355258496,0.0658401526580073,1.4655991030313784,3.003184079710228,-1.9069013959189314,0.926989498494205,1
2020-05-29,0.001130715228894194,-0.06488602961592867,0.04110477515346525,-0.025137276580062647,0.040310477113646034,-0.7960352954851918,0.5084390931588494,-1.288208256509661,0.36830925918983065,1
2020-06-30,0.0956471270439084,0.07251598349627247,0.35255519635486315,-0.0009227076740662292,0.05594824053822594,0.6357362510255585,3.677871944249183,0.04439938085063314,0.7319951723573339,0
2020-07-31,0.038421930824424765,-0.033358528426378715,0.13464767164730146,0.006083964211975227,0.0037234748220468573,-0.4876766084700731,1.1399234019268907,0.6169698708415348,-0.3885491427219551,0
2020-08-31,0.03503268016064881,0.052586036988047834,-0.014042015224527141,-0.009373687157182457,-0.00483925619884283,0.41135519441324603,-0.17275970375004607,-0.4051127776536907,-0.5554883374101633,0
2020-09-29,-0.022184978571273033,-0.057196138872843326,-0.066178026420441,-0.014661063314713625,0.03366628810672415,-0.7738320871016008,-0.6255071729055031,-0.870719951745382,0.2187120750944599,0
2020-10-30,0.11641984754822794,0.11406823700385443,0.06111028412498636,0.0001737756714060031,0.05520453528554458,1.121659790353895,0.48268369561343133,0.2034601054391787,0.6968693654287659,0
2020-11-30,0.05273945629989524,0.006160654847459131,-0.03710187685715908,-0.015459108936103694,0.06609488232524678,-0.06212244130606942,-0.3493339761431234,-0.9182806563293638,1.0334729028800667,0
2020-12-30,0.014907772945161032,-0.08989432818427275,-0.04067771297136893,0.0,0.009859512556189958,-1.0849986078169374,-0.3654397979630167,0.19813884486376462,-0.2953038002159967,1
2021-01-29,0.025380575245073735,0.002099898982605756,0.020237484055211603,0.0,0.004550781421547053,-0.02673667673520369,0.23787399563737738,0.19273611249156536,-0.37404872014444995,0
2021-02-26,0.07335985756528725,0.009460536431656348,0.07742766593256771,-0.003882195448460509,0.028560593291827804,0.03764728261699795,0.7537361530563684,-0.07016271081944676,0.25763619605034216,0
2021-03-31,0.07009660897947907,0.014810193233704338,-0.0028805626407209556,-0.006586021505376346,0.05245435296886859,0.16191782922978842,0.01569032989225616,-0.2190028336077344,0.8667398834703093,0
2021-04-30,0.035104808984988335,0.007167799343686654,-0.04791213799444606,0.003080568720379147,0.18407829304459736,0.06161943706168336,-0.38307922971806146,0.5176231866690197,4.149491645582776,0
2021-05-31,0.05266830669793336,0.06757630084884496,-0.017631911458091398,0.06836199561757329,-0.08805424496402738,0.7708117051209922,-0.10056093467544648,5.558518464337708,-2.3487177161762576,1
2021-06-30,-0.01248811439599642,0.0659476189868047,-0.05389367538851477,-0.0315987460815047,0.05143659897951317,0.7101211293372226,-0.493155095728442,-1.6379157546622574,0.5814288549142789,1
2021-07-30,-0.024831010707325664,-0.03515687946539851,-0.09537504994664162,-0.022972972972972974,0.01589497743004097,-0.509168903267126,-0.8806765727302343,-1.0830517823140515,-0.15108931710151344,1
2021-08-31,-0.02295094174288099,-0.03990709042881678,0.031116125726263242,-0.01854669932563652,-0.045370841265830526,-0.545134818453491,0.356038720506677,-0.7822473153094706,-1.338042310658149,1
2021-09-30,-0.006831736275105688,-0.03933831819086366,-0.11486074576139993,-0.013419216317767043,-0.0028060991533183683,-0.5402571450658216,-1.0346194616152538,-0.47196671924925343,-0.49701360886305646,1
2021-10-29,-0.09013537573188088,-0.16757859513583875,-0.007404558110364346,0.0,-0.020564067345676795,-2.2029881654287253,-0.05061982623487666,0.2496517304447054,-0.859430310882422,1
2021-11-30,0.10209347833352708,0.10774256746603364,-0.010050959020447588,0.0,0.0006541721470203524,1.2492590458537292,-0.050292200456228446,0.2538611871925356,-0.43111589027047376,0
2021-12-30,-0.0946571436038852,-0.15662389128460408,-0.24669019046189325,-0.023617021276595745,-0.004170245264624643,-1.920841229235359,-2.421868796999419,-1.0492467970435697,-0.5485987153292469,3
2022-01-28,0.02901136231068349,-0.019267969946408194,0.017087850415262857,0.0,-0.0012049906022540634,-0.20657035516026642,0.26277256643261687,0.2731557376686044,-0.4510186572142275,0
2022-02-28,0.07471455662842563,0.05632900716465191,-0.03416948733786609,-0.02967551622418879,0.029997794743549834,0.6826540405537245,-0.2665480899288852,-1.3261389452102312,0.1712231689961921,1
2022-03-31,-0.0028267599197267608,-0.00561591347970681,-0.091193176836657,-0.014443317942280709,0.03816494481587773,-0.058497061102696715,-0.8004462513835332,-0.4299156805622651,0.3443628351614448,0
2022-04-29,-0.02364698018009077,0.03041517787473098,-0.01765642409651019,-0.020508498041035158,-0.015382395241246561,0.40965523272238435,-0.05712913730589553,-0.7330217188021163,-0.7300957418885596,0
2022-05-31,-0.15349237076883646,-0.13097627151231137,-0.1860647459782198,-0.009166666666666667,-0.006449137747505192,-1.5967404768483315,-1.6533376894300982,-0.1298467055905959,-0.5373544593721048,2
2022-06-30,0.06498015186101003,0.1787913631582129,-0.04424701337361445,0.0,-0.0208052360138684,2.3108499184054843,-0.2245202242361699,0.44188561060802445,-0.8150644370240467,0
2022-07-29,0.0075030788127317775,-0.02547894950624656,0.021522689185144547,-0.03748364598364599,0.03791015178874602,-0.28898067065083893,0.372808744877455,-1.7517864581716192,0.4701047656084955,1
2022-08-31,-0.14983725503745426,-0.1321387420814551,0.0566337653769685,-0.01800374930333891,-0.002122744370747868,-1.5280066625029884,0.6798792722222629,-0.5549315890424762,-0.3991835131414446,1
2022-09-30,0.021234985555182957,0.022294384020549604,0.018229585342289023,-0.06794010757795285,-0.0369063028162496,0.30106682224549985,0.2827453580441404,-3.3784471502367737,-1.1425744922375654,2
2022-10-31,0.08039170083101821,0.07872003622935579,0.09110905502186721,-0.022515616585891227,-0.011216271293447018,0.9289270660237458,0.9645798853198078,-0.6146264698087444,-0.582867288229917,0
2022-11-30,-0.058570940504963136,-0.0857265744339026,-0.13712339531683995,-0.011222222222222222,0.05192451414713824,-0.9608604655998321,-1.1884036299728247,-0.02770467481476227,0.8154351728680602,1
2022-12-29,0.08995692061961204,0.07001869608611735,0.034548416907629755,-0.0049553571428571416,0.016766105444806674,0.855396786094282,0.4215558889328131,0.2739810181237205,0.009815540247360328,0
2023-01-31,0.016355132094117483,-0.04096164229705526,0.09184642243566478,-0.0054528212422949255,0.02997725910557054,-0.42397378058887075,0.9176281346350361,0.25044811298103753,0.2883596023419861,0
2023-02-28,0.012888189520414841,-0.03048470015876853,0.17024366187517223,-0.031191915814332633,0.01832650987202429,-0.34023262789360703,1.59762591458767,-1.0140491847974338,0.020290921407012247,1
2023-03-31,9.300903638497385e-05,0.018366193740963547,-0.01420289172905873,0.0017250776047960917,0.004935374201683721,0.1937029166482535,-0.16768758079367727,0.6588097729320093,-0.32435061246917335,0
2023-04-28,0.035158905427711815,-0.045985857475375196,0.008825492455991868,0.0,0.022602111965368234,-0.5551525613192073,0.032335846673693776,0.5624907007290749,0.11223044224525593,0
2023-05-31,0.01290708292182744,-0.06821516417438728,0.05824814383366091,0.0,0.01776147988870736,-0.7998784917703595,0.5817120119044311,0.5237184285146578,0.029810235338502165,0
2023-06-30,-0.03060561176642311,-0.1008729930527479,0.13304872936398673,0.0,-0.02028802660278094,-1.2191802677089643,1.3032307099516616,0.4910906621212989,-0.8420622884445619,1
2023-07-31,0.020803168329422087,-0.012410976709507804,0.02041268328944063,0.0,0.0038580799659135895,-0.015899517947877327,0.31752773252339217,0.48951024184656694,-0.23091448732666653,0
2023-08-31,-0.05295201803090597,-0.13456630590448657,-0.18437621188541578,0.0,0.02101046281753371,-1.5939741849923652,-2.0946913805374687,0.5007517408159196,0.17011795695689405,2
2023-09-27,-0.07746419152622062,-0.13105812682663595,-0.14392933376910536,0.01018295433292628,-0.007834843006463421,-1.44690000701325,-1.4645702373962841,0.9950882213459732,-0.5225189532994162,2
2023-10-31,0.08246670616334051,0.09958034906339934,0.08911097154943869,-0.03494926529409289,0.015632225334474305,1.4374400043607045,1.176429654248735,-1.2796580799899278,0.05460866577693785,1
2023-11-30,0.03005375759643048,-0.06009295946144467,-0.05029711863563838,-0.03257513714990682,0.00475743840722371,-0.5163185110402495,-0.37289369080598,-1.0934215353296353,-0.1769218419765561,1
2023-12-28,-0.023150639828805563,-0.0008133838137871829,-0.13624523455991347,0.0,0.01581860501568217,0.2372236518967175,-1.3107304242211684,0.5000053408934337,0.12956201706238862,1
2024-01-31,0.027787421622260916,0.1332305896444788,0.16294332271713882,0.0006716154118062923,0.024796252971633757,1.876120555841998,1.9539440051731833,0.532041940015504,0.34407892293572895,0
2024-02-29,0.014104097406651616,0.08415191125853384,0.017108319112358304,0.0,-0.008883567713448353,1.1653207520919722,0.3317628955584758,0.4988800567262464,-0.48898254382408873,0
2024-03-29,-0.010680331855069242,-0.09217755544137655,-0.02588045753406273,-0.04125561113248685,0.023200729249047956,-0.9368164238369641,-0.09110175539476478,-1.4701237424991753,0.3162867072637431,1
2024-04-30,0.0039281384745033215,-0.022289444778643783,0.0021471093183397386,-0.03174809989142237,-0.024494135570040425,-0.08574221212746827,0.205030653430804,-0.9446505507918347,-0.8347004738172991,0
2024-05-31,-0.010423741085032792,-0.06894256777206112,0.07744149842162808,-0.011864406779661019,0.026045150014668617,-0.6155596541937192,0.9693976684992539,0.019396009165062084,0.8082888955253714,0
2024-06-28,-0.026939597313445023,0.16045071686169346,-0.11892540677941227,-0.007902058987200892,-0.016770879017962894,2.0980669099706986,-1.0744695282954488,0.3939087569717629,-1.0152795112259443,2
2024-07-31,-0.03897414449628906,-0.116856915989357,-0.12307648545550437,-0.0315,-0.02232437826163432,-1.1136846291271092,-1.0834374484685692,-1.065362821097465,-1.225661668511369,4
2024-08-30,-0.0022563955671678296,0.06649646724619811,0.011681941698751041,-0.03253493013972056,0.023064723173211517,0.9377981284713478,0.27909642739927054,-1.1006616935290385,0.8548874034485988,1
2024-09-30,-0.023567823911670095,-0.08059689842531977,-0.10713864853628839,-0.018818681318681318,0.002908323387650724,-0.6979449107774257,-0.9049420808606197,-0.2547889039226184,-0.13189751930633548,0
2024-10-31,-0.05213938371001572,0.00293314427822442,-0.14383146875907984,0.0,-0.04504548613551134,0.2179705022640686,-1.2772521464162472,0.8588988008280933,-2.415090218937077,2
2024-11-29,0.0043268459845921476,0.1069174859712728,-0.0070466020576654635,0.0,-0.008293259233668478,1.3386141303375831,0.13070294859283957,0.8588988008280933,-0.6035645686216762,0
2024-12-30,0.03980488733860974,0.006925417325332565,-0.040250385733901446,-0.02873804168541011,0.00836857077975783,0.21877033758418016,-0.1961068582298616,-0.8280474531862785,0.15369065277593055,0
2025-01-31,0.019046243366997954,0.00043587074808905114,0.01253077432273777,-0.0424392947204256,0.0021920652691862384,0.09895286584636453,0.28714797379920204,-1.6146576836947366,-0.13773506352746512,1
2025-02-28,-0.055885281146322345,-0.08807491689352849,-0.0977596351074491,-0.0037130801687763728,-0.00840598115131099,-0.939291960575648,-0.8817435940195857,0.6976913206600494,-0.6164217804097404,0
2025-03-31,0.08613604321038507,0.1561638900585765,0.09824313682663016,0.0,-0.005753914354798991,1.9479196557807128,1.2045448451390879,0.870549833596199,-0.4559943928898038,0
2025-04-30,0.03373598708215681,-0.018207453464145065,-0.04619520023796171,-0.004455555555555554,0.0122064733601334,-0.12357393788930761,-0.36413371954400586,0.5868229916645958,0.42799029749053114,0
2025-05-30,0.0556665246669399,-0.07649352787050695,0.08094593465189419,0.0,-0.006477889947992073,-0.7544078290117768,0.9642399540599723,0.8110877914253014,-0.48845519308703966,0
2025-06-30,0.01423114283857251,-0.0130732025057364,-0.03792110861964208,-0.01004891684136967,-0.0008020712352718618,-0.07010513854211121,-0.3597012217170469,0.22828321915270702,-0.21988167470382183,0
2025-07-31,-0.015587245203430578,-0.06744641642829859,-0.037630605204054,-0.030054249547920433,-0.004558309285869959,-0.6680629241023943,-0.3587400470210032,-0.8824999957655549,-0.4322129111446545,0
2025-08-29,0.024147527673972016,-0.007158504477640189,0.07148978728080001,0.0,-0.0008664607182366983,0.07448540829297368,0.8355139927237442,0.8118841977520009,-0.20478618110676047,0
2025-09-30,0.009869200129489877,-0.06592660757345892,0.04206751611122494,0.0,0.007935876855377218,-0.6947188248292367,0.5121255620692519,0.7768581726744425,0.23451715032058618,0
2025-10-31,-0.006643323744803254,-0.05716981313105717,0.02033154345392184,0.0,-0.002085903438177054,-0.5534987587519848,0.2707444233827032,0.7811757601459289,-0.35159233822335656,0
2025-11-28,0.02320660187319326,-0.006921523324705233,0.08666867922942707,0.0,0.005676299695530237,0.11513927446389964,1.0171655743054633,0.7393163140304535,0.04955164529824366,0
2025-12-30,0.09727539588435899,0.05638649974277728,0.17608849847476502,0.0,0.055290117240657556,0.8909961837470823,1.953482348873405,0.7133267190564343,3.096989893623936,0
2026-01-30,0.04687065123132925,-0.04988558547386988,0.05446086442084457,0.0,-0.0068157716677055245,-0.45318738304891404,0.5389766100338378,0.7007551581107974,-0.6066546681228612,0
2026-02-27,-0.059126689991139965,0.03130373243167422,-0.12254788164807492,0.0,0.0032047413523560555,0.583146469012965,-1.323840346950315,0.6872642263264519,-0.01718356431581908,1
2026-03-31,0.1482807380594321,0.14278314960882799,0.1838255276216552,-0.032799650043744535,-0.0054991510266319986,1.9712411081290564,2.064262976603122,-1.5293115764240655,-0.47465436168398933,1
2026-04-30,0.007050216138939001,-0.017476988025307897,0.015155625858300015,-0.005299539170506914,-0.006605976412041307,-0.0976600787562929,0.16035034454713062,0.34871037076369626,-0.5182335512008734,0
2026-05-04,,,,,,,,,,0
