date,rule,monthly_return,observed_holdings
1999-12-28,hold,0.054593494028227,49
1999-12-28,stop_10,0.04686587390036857,49
1999-12-28,stop_20,0.0049387997227652684,49
1999-12-28,stop_30,0.037527501700160164,49
2000-01-31,hold,0.18214389362172717,50
2000-01-31,stop_10,-0.008140129245917702,50
2000-01-31,stop_20,0.05423976543329797,50
2000-01-31,stop_30,0.11025889152883427,50
2000-02-29,hold,0.561732045040099,50
2000-02-29,stop_10,0.5628544062356773,50
2000-02-29,stop_20,0.5611659550739015,50
2000-02-29,stop_30,0.5587126902013894,50
2000-03-31,hold,0.0021481148782059468,50
2000-03-31,stop_10,0.010567856048005739,50
2000-03-31,stop_20,0.028726232020350944,50
2000-03-31,stop_30,0.012752142269512299,50
2000-04-28,hold,-0.14804975330866074,50
2000-04-28,stop_10,-0.0857739071487994,50
2000-04-28,stop_20,-0.13336330602018476,50
2000-04-28,stop_30,-0.15043118231231453,50
2000-05-31,hold,-0.043811495841387174,36
2000-05-31,stop_10,-0.03845171939592567,36
2000-05-31,stop_20,-0.03518192271484933,36
2000-05-31,stop_30,-0.04847943807273713,36
2000-06-30,hold,0.21709515456744635,48
2000-06-30,stop_10,0.20151739515567915,48
2000-06-30,stop_20,0.21701041503560117,48
2000-06-30,stop_30,0.21781740698837612,48
2000-07-31,hold,0.6401101477691902,50
2000-07-31,stop_10,0.5912166197487566,50
2000-07-31,stop_20,0.6401101477691902,50
2000-07-31,stop_30,0.6401101477691902,50
2000-08-31,hold,-0.05808831393301007,49
2000-08-31,stop_10,0.010030241351476933,49
2000-08-31,stop_20,-0.03345191909644842,49
2000-08-31,stop_30,-0.060445053905931835,49
2000-09-29,hold,-0.2316997771896432,50
2000-09-29,stop_10,-0.12357282982533173,50
2000-09-29,stop_20,-0.13821110649511198,50
2000-09-29,stop_30,-0.2086817712418892,50
2000-10-31,hold,0.20967559752769255,49
2000-10-31,stop_10,0.18260720673151445,49
2000-10-31,stop_20,0.19475570082466107,49
2000-10-31,stop_30,0.21794575772984656,49
2000-11-30,hold,-0.08302738171669263,49
2000-11-30,stop_10,-0.03121571018699488,49
2000-11-30,stop_20,-0.057348969864307736,49
2000-11-30,stop_30,-0.08028148583161562,49
2000-12-26,hold,0.33747717635120866,46
2000-12-26,stop_10,0.3412864246985169,46
2000-12-26,stop_20,0.33641482486999463,46
2000-12-26,stop_30,0.33811362098961717,46
2001-01-31,hold,0.19251814060136932,50
2001-01-31,stop_10,0.18477537217799397,50
2001-01-31,stop_20,0.1927290976872694,50
2001-01-31,stop_30,0.19684723484674374,50
2001-02-28,hold,-0.042309385040875856,49
2001-02-28,stop_10,-0.019164431206163794,49
2001-02-28,stop_20,-0.030454163416782812,49
2001-02-28,stop_30,-0.043125711571488104,49
2001-03-30,hold,0.026416430027731003,48
2001-03-30,stop_10,-0.03054004262959265,48
2001-03-30,stop_20,0.024183218345038737,48
2001-03-30,stop_30,0.024103653124414304,48
2001-04-30,hold,0.22515787469057594,48
2001-04-30,stop_10,0.20412534597842472,48
2001-04-30,stop_20,0.2274747046355101,48
2001-04-30,stop_30,0.22515787469057594,48
2001-05-31,hold,0.07545052830272446,49
2001-05-31,stop_10,0.08190325708950037,49
2001-05-31,stop_20,0.07767991003052435,49
2001-05-31,stop_30,0.07394862884164133,49
2001-06-29,hold,0.02958303912732279,49
2001-06-29,stop_10,0.03650929251125632,49
2001-06-29,stop_20,0.025394034015752187,49
2001-06-29,stop_30,0.028439261717112505,49
2001-07-31,hold,0.12882434140288165,49
2001-07-31,stop_10,0.14160247257497358,49
2001-07-31,stop_20,0.13497526441341764,49
2001-07-31,stop_30,0.12819943980630724,49
2001-08-31,hold,-0.25499372343581295,50
2001-08-31,stop_10,-0.15404806992220288,50
2001-08-31,stop_20,-0.23020571143963905,50
2001-08-31,stop_30,-0.28324124467451006,50
2001-09-28,hold,0.35969495974832905,49
2001-09-28,stop_10,0.36634096191839977,49
2001-09-28,stop_20,0.36135630854171796,49
2001-09-28,stop_30,0.3627803218779321,49
2001-10-31,hold,0.08853887768170132,49
2001-10-31,stop_10,0.10457476584396543,49
2001-10-31,stop_20,0.08850371035135786,49
2001-10-31,stop_30,0.08795107461519323,49
2001-11-30,hold,-0.07718224531764062,49
2001-11-30,stop_10,-0.048190387539115115,49
2001-11-30,stop_20,-0.07702958967282487,49
2001-11-30,stop_30,-0.08376747560057846,49
2001-12-28,hold,0.10136497776084388,50
2001-12-28,stop_10,0.10612918173367752,50
2001-12-28,stop_20,0.0924782900589881,50
2001-12-28,stop_30,0.10347572980650195,50
2002-01-31,hold,-0.16119500963345954,50
2002-01-31,stop_10,-0.07707984876750774,50
2002-01-31,stop_20,-0.12841634958784967,50
2002-01-31,stop_30,-0.1513018790166262,50
2002-02-28,hold,-0.01018448398288503,49
2002-02-28,stop_10,0.010219211483781734,49
2002-02-28,stop_20,-0.01004583005468207,49
2002-02-28,stop_30,-0.019260507682675662,49
2002-03-29,hold,0.07690107337512808,38
2002-03-29,stop_10,0.07828605126665299,38
2002-03-29,stop_20,0.09583025908003412,38
2002-03-29,stop_30,0.09706500618267208,38
2002-04-30,hold,0.16036440881046318,49
2002-04-30,stop_10,0.15769791415262724,49
2002-04-30,stop_20,0.15800052654216676,49
2002-04-30,stop_30,0.16234989824243273,49
2002-05-31,hold,-0.09286247853983792,49
2002-05-31,stop_10,-0.09337227011439025,49
2002-05-31,stop_20,-0.13303584266259247,49
2002-05-31,stop_30,-0.10412223359596855,49
2002-06-28,hold,0.092294964917277,49
2002-06-28,stop_10,0.10486611716863384,49
2002-06-28,stop_20,0.10175076858142679,49
2002-06-28,stop_30,0.0980394849475113,49
2002-07-31,hold,0.03557527587663017,49
2002-07-31,stop_10,0.03891100823525788,49
2002-07-31,stop_20,0.04525483194698374,49
2002-07-31,stop_30,0.0394971330041841,49
2002-08-30,hold,-0.1458867664403275,50
2002-08-30,stop_10,-0.09874490295575523,50
2002-08-30,stop_20,-0.12210129903329847,50
2002-08-30,stop_30,-0.14120250760694275,50
2002-09-30,hold,0.15258886388160378,46
2002-09-30,stop_10,0.11543054343461719,46
2002-09-30,stop_20,0.13603405239200705,46
2002-09-30,stop_30,0.14952386321355995,46
2002-10-31,hold,0.05865329709262326,46
2002-10-31,stop_10,0.026208821240721908,46
2002-10-31,stop_20,0.03690951009346326,46
2002-10-31,stop_30,0.055325285157005466,46
2002-11-29,hold,-0.0778360280362705,48
2002-11-29,stop_10,-0.03395576874637851,48
2002-11-29,stop_20,-0.06247904986544442,48
2002-11-29,stop_30,-0.07696409290320903,48
2002-12-30,hold,0.07141905015979248,50
2002-12-30,stop_10,0.07814686858675099,50
2002-12-30,stop_20,0.0637608639749608,50
2002-12-30,stop_30,0.061160849882858415,50
2003-01-30,hold,0.05400915819027139,50
2003-01-30,stop_10,0.05761071853784875,50
2003-01-30,stop_20,0.05500365659974113,50
2003-01-30,stop_30,0.05684330041125367,50
2003-02-28,hold,-0.18668407971437442,49
2003-02-28,stop_10,-0.15977221984076997,49
2003-02-28,stop_20,-0.1713710636166979,49
2003-02-28,stop_30,-0.1891203471466625,49
2003-03-31,hold,0.20773770967784808,43
2003-03-31,stop_10,0.15023189150167274,43
2003-03-31,stop_20,0.18882330235238504,43
2003-03-31,stop_30,0.20837776073177378,43
2003-04-30,hold,0.06905585643150212,49
2003-04-30,stop_10,0.061627129450978486,49
2003-04-30,stop_20,0.07386799426422097,49
2003-04-30,stop_30,0.07152436657075793,49
2003-05-30,hold,0.13081540227985952,49
2003-05-30,stop_10,0.13398478855292906,49
2003-05-30,stop_20,0.13081540227985952,49
2003-05-30,stop_30,0.13081540227985952,49
2003-06-30,hold,0.0709165966327192,50
2003-06-30,stop_10,0.062385579493906176,50
2003-06-30,stop_20,0.07568566938615691,50
2003-06-30,stop_30,0.06837648908146546,50
2003-07-31,hold,-0.11749764595011902,50
2003-07-31,stop_10,-0.0891593310309821,50
2003-07-31,stop_20,-0.11672978481727865,50
2003-07-31,stop_30,-0.11683173211889955,50
2003-08-29,hold,0.026143526268702852,49
2003-08-29,stop_10,0.010287130101749685,49
2003-08-29,stop_20,0.005812139911945125,49
2003-08-29,stop_30,0.02950380817344902,49
2003-09-30,hold,0.0006787114837228251,47
2003-09-30,stop_10,0.031381033475750504,47
2003-09-30,stop_20,0.019361767260765765,47
2003-09-30,stop_30,0.015575046018915155,47
2003-10-31,hold,-0.003342342210143528,49
2003-10-31,stop_10,-0.001334594827036432,49
2003-10-31,stop_20,0.008778502738007416,49
2003-10-31,stop_30,0.0048917993860882235,49
2003-11-28,hold,0.09404555380705291,49
2003-11-28,stop_10,0.09349793073975068,49
2003-11-28,stop_20,0.10384264764233223,49
2003-11-28,stop_30,0.10253590310506513,49
2003-12-30,hold,-0.0020294597064410415,50
2003-12-30,stop_10,0.00011279277358730688,50
2003-12-30,stop_20,-0.00908351811258521,50
2003-12-30,stop_30,-0.003675548665408288,50
2004-01-30,hold,-0.04910855463050304,50
2004-01-30,stop_10,-0.0407111039908063,50
2004-01-30,stop_20,-0.05773443642441101,50
2004-01-30,stop_30,-0.0631567720121388,50
2004-02-27,hold,-0.054783418675198765,48
2004-02-27,stop_10,0.07624793909175691,48
2004-02-27,stop_20,0.041506714326376704,48
2004-02-27,stop_30,0.0003173410341237304,48
2004-03-31,hold,0.06117496134796898,38
2004-03-31,stop_10,0.08468142753883756,38
2004-03-31,stop_20,0.08627391927470589,38
2004-03-31,stop_30,0.06230430999559036,38
2004-04-30,hold,-0.05627830668894845,48
2004-04-30,stop_10,-0.054481222751554426,48
2004-04-30,stop_20,-0.09825861585797518,48
2004-04-30,stop_30,-0.0788261036389377,48
2004-05-31,hold,0.0917257786752756,48
2004-05-31,stop_10,0.12308021378215546,48
2004-05-31,stop_20,0.10535339055867991,48
2004-05-31,stop_30,0.10383157745821779,48
2004-06-30,hold,-0.13832100782260082,50
2004-06-30,stop_10,-0.08071918860296914,50
2004-06-30,stop_20,-0.09593134543832392,50
2004-06-30,stop_30,-0.10854048485094031,50
2004-07-30,hold,0.04765997363702097,49
2004-07-30,stop_10,0.014423884891583333,49
2004-07-30,stop_20,0.02229536101256079,49
2004-07-30,stop_30,0.023467754780203097,49
2004-08-31,hold,0.04174344510563871,50
2004-08-31,stop_10,0.06833121603477194,50
2004-08-31,stop_20,0.05761854171888399,50
2004-08-31,stop_30,0.04905738538799811,50
2004-09-30,hold,0.045422277635766665,48
2004-09-30,stop_10,0.09605049775296008,48
2004-09-30,stop_20,0.05416439990468543,48
2004-09-30,stop_30,0.0369461823839674,48
2004-10-29,hold,0.2382157638680274,50
2004-10-29,stop_10,0.14080052578779753,50
2004-10-29,stop_20,0.23742693918650434,50
2004-10-29,stop_30,0.24269088964975494,50
2004-11-30,hold,-0.016660583230163842,50
2004-11-30,stop_10,-0.04047656412386288,50
2004-11-30,stop_20,-0.008703674396386554,50
2004-11-30,stop_30,-0.01730154108523223,50
2004-12-30,hold,0.46864292389733964,47
2004-12-30,stop_10,0.41793406276881084,47
2004-12-30,stop_20,0.4631730512819586,47
2004-12-30,stop_30,0.46683214979140936,47
2005-01-31,hold,0.12972593212997904,50
2005-01-31,stop_10,0.051841317384795624,50
2005-01-31,stop_20,0.09616176940873998,50
2005-01-31,stop_30,0.10129037290841719,50
2005-02-28,hold,-0.13609824682782704,48
2005-02-28,stop_10,-0.03803738742262138,48
2005-02-28,stop_20,-0.10484882677928505,48
2005-02-28,stop_30,-0.11829573607415983,48
2005-03-31,hold,0.12714157525038805,38
2005-03-31,stop_10,0.14236145547943013,38
2005-03-31,stop_20,0.13887318139167845,38
2005-03-31,stop_30,0.1345426873295506,38
2005-04-29,hold,0.2846919105487812,47
2005-04-29,stop_10,0.261753686785644,47
2005-04-29,stop_20,0.27598411999856004,47
2005-04-29,stop_30,0.28641233419086554,47
2005-05-31,hold,0.3500446633718996,50
2005-05-31,stop_10,0.27177912913385405,50
2005-05-31,stop_20,0.30530067567638003,50
2005-05-31,stop_30,0.3496366710292339,50
2005-06-30,hold,0.16313804623264477,50
2005-06-30,stop_10,0.1713229292904689,50
2005-06-30,stop_20,0.1707652180645597,50
2005-06-30,stop_30,0.1711616164013498,50
2005-07-29,hold,-0.048736108730424554,50
2005-07-29,stop_10,-0.06893751505883723,50
2005-07-29,stop_20,-0.05240921530120229,50
2005-07-29,stop_30,-0.06289477980870481,50
2005-08-31,hold,0.15312128050781104,49
2005-08-31,stop_10,0.12429670264830261,49
2005-08-31,stop_20,0.13845705398666108,49
2005-08-31,stop_30,0.13610543540601966,49
2005-09-30,hold,0.22949858979679297,49
2005-09-30,stop_10,0.1854634731665782,49
2005-09-30,stop_20,0.21937674725892273,49
2005-09-30,stop_30,0.22495656930285338,49
2005-10-31,hold,0.3001704423177112,50
2005-10-31,stop_10,0.2762127891137188,50
2005-10-31,stop_20,0.2748530813917072,50
2005-10-31,stop_30,0.29749986603387596,50
2005-11-30,hold,0.11115796254901186,50
2005-11-30,stop_10,0.11052538965472189,50
2005-11-30,stop_20,0.11030598874734339,50
2005-11-30,stop_30,0.10682792086398284,50
2005-12-29,hold,0.1115284757285586,50
2005-12-29,stop_10,0.08794261187306368,50
2005-12-29,stop_20,0.08475089704229057,50
2005-12-29,stop_30,0.10756550493734145,50
2006-01-31,hold,0.07725136471782726,50
2006-01-31,stop_10,0.03471225897332107,50
2006-01-31,stop_20,0.07005195686661814,50
2006-01-31,stop_30,0.07729766101412355,50
2006-02-28,hold,0.11436760764522236,50
2006-02-28,stop_10,0.07499005809714981,50
2006-02-28,stop_20,0.11282497041318086,50
2006-02-28,stop_30,0.12346236167501584,50
2006-03-31,hold,0.17639684908981765,49
2006-03-31,stop_10,0.1770787403313657,49
2006-03-31,stop_20,0.17779234757266532,49
2006-03-31,stop_30,0.17639684908981765,49
2006-04-28,hold,-0.0764838800253813,50
2006-04-28,stop_10,-0.054837167009249316,50
2006-04-28,stop_20,-0.07212317350920232,50
2006-04-28,stop_30,-0.07794187391074095,50
2006-05-30,hold,-0.029174252972236046,50
2006-05-30,stop_10,-0.12255162182050582,50
2006-05-30,stop_20,-0.08076703858021117,50
2006-05-30,stop_30,-0.041585550163056484,50
2006-06-30,hold,0.008614991375085252,49
2006-06-30,stop_10,-0.01442418648651025,49
2006-06-30,stop_20,0.008529261555326755,49
2006-06-30,stop_30,0.008455226990431169,49
2006-07-31,hold,0.0670189469300977,50
2006-07-31,stop_10,0.06287692237863628,50
2006-07-31,stop_20,0.06810338178307854,50
2006-07-31,stop_30,0.06632296635281149,50
2006-08-31,hold,0.15928162740117316,50
2006-08-31,stop_10,0.1533794538783927,50
2006-08-31,stop_20,0.15928162740117316,50
2006-08-31,stop_30,0.15928162740117316,50
2006-09-29,hold,0.04608883327660267,50
2006-09-29,stop_10,-0.012863828082687665,50
2006-09-29,stop_20,0.049400291747299284,50
2006-09-29,stop_30,0.052899661003093026,50
2006-10-31,hold,0.0779481216837491,50
2006-10-31,stop_10,0.08970529754330206,50
2006-10-31,stop_20,0.0796706423764501,50
2006-10-31,stop_30,0.08200538673065949,50
2006-11-30,hold,-0.056324159570322385,50
2006-11-30,stop_10,-0.08104009640013138,50
2006-11-30,stop_20,-0.05904629475244638,50
2006-11-30,stop_30,-0.054518248763930494,50
2006-12-28,hold,0.057338995114354564,50
2006-12-28,stop_10,0.0560782883459963,50
2006-12-28,stop_20,0.05141953149072286,50
2006-12-28,stop_30,0.05732022119813113,50
2007-01-31,hold,0.055295980986731885,50
2007-01-31,stop_10,0.03268385595683857,50
2007-01-31,stop_20,0.05376497803762052,50
2007-01-31,stop_30,0.05454757641443653,50
2007-02-28,hold,0.26421327952892765,50
2007-02-28,stop_10,0.21602319111323226,50
2007-02-28,stop_20,0.24833290212775722,50
2007-02-28,stop_30,0.2586550356796042,50
2007-03-30,hold,0.0366061047508474,48
2007-03-30,stop_10,0.04144722979617653,48
2007-03-30,stop_20,0.03707559428639005,48
2007-03-30,stop_30,0.03501613840136795,48
2007-04-30,hold,0.16028388523166204,49
2007-04-30,stop_10,0.1559363769281103,49
2007-04-30,stop_20,0.16131763206372818,49
2007-04-30,stop_30,0.16028388523166204,49
2007-05-31,hold,0.019957176739265736,50
2007-05-31,stop_10,0.025234924226251988,50
2007-05-31,stop_20,0.026066783808263674,50
2007-05-31,stop_30,0.022838890093906335,50
2007-06-29,hold,-0.014474577409235247,50
2007-06-29,stop_10,-0.023165944386729764,50
2007-06-29,stop_20,-0.02326811734611787,50
2007-06-29,stop_30,-0.014474577409235247,50
2007-07-31,hold,0.05150300334186995,49
2007-07-31,stop_10,0.01931456137032041,49
2007-07-31,stop_20,0.03136825330250898,49
2007-07-31,stop_30,0.048465613366533766,49
2007-08-31,hold,0.0033321076287619665,50
2007-08-31,stop_10,0.012664670345702546,50
2007-08-31,stop_20,0.005020275790249069,50
2007-08-31,stop_30,0.004236856756746941,50
2007-09-28,hold,-0.08183537828221919,50
2007-09-28,stop_10,-0.07010567204465186,50
2007-09-28,stop_20,-0.0715936219215644,50
2007-09-28,stop_30,-0.0771502483472608,50
2007-10-31,hold,-0.05995648112501268,50
2007-10-31,stop_10,-0.053552129009250535,50
2007-10-31,stop_20,-0.06344837076848336,50
2007-10-31,stop_30,-0.05924848116414145,50
2007-11-30,hold,-0.014603548270079356,50
2007-11-30,stop_10,-0.007685672470514298,50
2007-11-30,stop_20,-0.013215969474727035,50
2007-11-30,stop_30,-0.014588550237034507,50
2007-12-28,hold,0.08069623040288365,50
2007-12-28,stop_10,0.08705333248394362,50
2007-12-28,stop_20,0.08179063832372263,50
2007-12-28,stop_30,0.08087971664141574,50
2008-01-31,hold,0.08786098512574426,50
2008-01-31,stop_10,0.0934011709312243,50
2008-01-31,stop_20,0.08864857551557982,50
2008-01-31,stop_30,0.08956917017912507,50
2008-02-29,hold,-0.06735754699170644,50
2008-02-29,stop_10,-0.05478917652838153,50
2008-02-29,stop_20,-0.06421447922685558,50
2008-02-29,stop_30,-0.06621619408192035,50
2008-03-31,hold,0.011403099055666773,45
2008-03-31,stop_10,0.00019324403048826235,45
2008-03-31,stop_20,0.008468490764086074,45
2008-03-31,stop_30,0.010674779146767167,45
2008-04-30,hold,0.1059662994087531,46
2008-04-30,stop_10,0.08253749275595422,46
2008-04-30,stop_20,0.07795830897160658,46
2008-04-30,stop_30,0.10671358201744875,46
2008-05-30,hold,-0.015662040657651578,50
2008-05-30,stop_10,-0.0026525990875197825,50
2008-05-30,stop_20,-0.012698165033990485,50
2008-05-30,stop_30,-0.013918925765024242,50
2008-06-30,hold,0.05876252910928148,50
2008-06-30,stop_10,0.005389854838158814,50
2008-06-30,stop_20,0.05469067759208413,50
2008-06-30,stop_30,0.05411092508500393,50
2008-07-31,hold,-0.11910797022106688,50
2008-07-31,stop_10,-0.07559167243984417,50
2008-07-31,stop_20,-0.09671135701447316,50
2008-07-31,stop_30,-0.10771827792954784,50
2008-08-29,hold,-0.08960117427725224,49
2008-08-29,stop_10,-0.10962826002503233,49
2008-08-29,stop_20,-0.09864168182242122,49
2008-08-29,stop_30,-0.07622949659377558,49
2008-09-30,hold,-0.316217912069816,50
2008-09-30,stop_10,-0.15644057627583347,50
2008-09-30,stop_20,-0.23898839125500065,50
2008-09-30,stop_30,-0.3145171142769364,50
2008-10-31,hold,0.07804594664129726,50
2008-10-31,stop_10,0.05303832015775562,50
2008-10-31,stop_20,0.06918060234144771,50
2008-10-31,stop_30,0.07463969664129726,50
2008-11-28,hold,0.010789370752668774,50
2008-11-28,stop_10,0.005349326254414793,50
2008-11-28,stop_20,0.017570827962659578,50
2008-11-28,stop_30,0.008402015529830007,50
2008-12-30,hold,0.06554196403743562,50
2008-12-30,stop_10,0.09953528036429943,50
2008-12-30,stop_20,0.07795692470223876,50
2008-12-30,stop_30,0.06663829007823688,50
2009-01-30,hold,0.27354721501537327,50
2009-01-30,stop_10,0.2956980282787277,50
2009-01-30,stop_20,0.2782179715600157,50
2009-01-30,stop_30,0.2768983776259509,50
2009-02-27,hold,-0.05208796907083317,50
2009-02-27,stop_10,-0.028736428275006113,50
2009-02-27,stop_20,-0.027202078279234376,50
2009-02-27,stop_30,-0.028878989051877166,50
2009-03-31,hold,0.2916249669801113,43
2009-03-31,stop_10,0.2639284204244007,43
2009-03-31,stop_20,0.2938197918810996,43
2009-03-31,stop_30,0.29347276150536017,43
2009-04-30,hold,0.18051532506287038,47
2009-04-30,stop_10,0.182654982657732,47
2009-04-30,stop_20,0.17985065934790548,47
2009-04-30,stop_30,0.18026134872643226,47
2009-05-29,hold,0.018637693919593683,49
2009-05-29,stop_10,0.0491215474370677,49
2009-05-29,stop_20,0.03201489724484637,49
2009-05-29,stop_30,0.02410676530801131,49
2009-06-30,hold,0.01151157230887637,46
2009-06-30,stop_10,0.013958744991425102,46
2009-06-30,stop_20,0.015886248640409165,46
2009-06-30,stop_30,0.002292479288718802,46
2009-07-31,hold,0.026155487811794373,50
2009-07-31,stop_10,0.0512609162249472,50
2009-07-31,stop_20,0.029302895855437914,50
2009-07-31,stop_30,0.014423102435613382,50
2009-08-31,hold,-0.0870611095278796,46
2009-08-31,stop_10,-0.0786260162352469,46
2009-08-31,stop_20,-0.082167012364041,46
2009-08-31,stop_30,-0.07282251188153203,46
2009-09-30,hold,-0.08252001635950432,50
2009-09-30,stop_10,-0.08070900481549062,50
2009-09-30,stop_20,-0.08650745215104169,50
2009-09-30,stop_30,-0.0877096981626872,50
2009-10-30,hold,-0.037806370091718174,48
2009-10-30,stop_10,0.011356277746394675,48
2009-10-30,stop_20,-0.015833939412323673,48
2009-10-30,stop_30,-0.031261504058379894,48
2009-11-30,hold,-0.03585991004147813,50
2009-11-30,stop_10,-0.019386513939543815,50
2009-11-30,stop_20,-0.023975593633538538,50
2009-11-30,stop_30,-0.030762167974152016,50
2009-12-30,hold,-0.1035093442951389,50
2009-12-30,stop_10,-0.06746100099186164,50
2009-12-30,stop_20,-0.09489252710833838,50
2009-12-30,stop_30,-0.10671742744198204,50
2010-01-29,hold,0.010965668445946465,49
2010-01-29,stop_10,0.036830635605365675,49
2010-01-29,stop_20,0.02325353336692141,49
2010-01-29,stop_30,0.019642728954670004,49
2010-02-26,hold,-0.026770831301597384,46
2010-02-26,stop_10,0.00010485086002119368,46
2010-02-26,stop_20,0.009437540646193671,46
2010-02-26,stop_30,-0.027789815146828916,46
2010-03-31,hold,-0.2002707558594887,38
2010-03-31,stop_10,-0.19710544854482676,38
2010-03-31,stop_20,-0.20355671076024698,38
2010-03-31,stop_30,-0.18331926009539895,38
2010-04-30,hold,-0.08405704450751984,45
2010-04-30,stop_10,-0.07841289623470758,45
2010-04-30,stop_20,-0.10739430134823948,45
2010-04-30,stop_30,-0.09663351926654945,45
2010-05-31,hold,0.042997238991551445,50
2010-05-31,stop_10,0.02379010395311216,50
2010-05-31,stop_20,0.024048579639285802,50
2010-05-31,stop_30,0.02726382042720382,50
2010-06-30,hold,0.04541809224809688,50
2010-06-30,stop_10,0.06316846997880596,50
2010-06-30,stop_20,0.04574639138547686,50
2010-06-30,stop_30,0.04156041397488128,50
2010-07-30,hold,-0.019072226231417792,50
2010-07-30,stop_10,0.010860813069361515,50
2010-07-30,stop_20,-0.0026754012774056423,50
2010-07-30,stop_30,-0.012387031855900845,50
2010-08-31,hold,0.041736734210322146,49
2010-08-31,stop_10,0.047634188391079496,49
2010-08-31,stop_20,0.03841875181340302,49
2010-08-31,stop_30,0.03314997935027537,49
2010-09-30,hold,0.03273664965248491,48
2010-09-30,stop_10,0.015023060705813973,48
2010-09-30,stop_20,0.018719580773304583,48
2010-09-30,stop_30,0.034819982985818246,48
2010-10-29,hold,-0.008713665409194306,50
2010-10-29,stop_10,-0.005261714868706178,50
2010-10-29,stop_20,-0.007090888818560775,50
2010-10-29,stop_30,-0.004547656315211375,50
2010-11-30,hold,-0.007927368277712767,49
2010-11-30,stop_10,-0.026169875400852048,49
2010-11-30,stop_20,-0.016310519535462944,49
2010-11-30,stop_30,-0.009778783653926376,49
2010-12-30,hold,0.02697269893894591,50
2010-12-30,stop_10,0.0508104993607405,50
2010-12-30,stop_20,0.03760228759005286,50
2010-12-30,stop_30,0.03007858129188709,50
2011-01-31,hold,-0.028828514846329843,49
2011-01-31,stop_10,-0.006812467869050094,49
2011-01-31,stop_20,-0.01604133814971935,49
2011-01-31,stop_30,-0.02285722290747195,49
2011-02-28,hold,0.023311341093771646,49
2011-02-28,stop_10,0.0027256591791125734,49
2011-02-28,stop_20,0.023497652958651215,49
2011-02-28,stop_30,0.009492859501880847,49
2011-03-31,hold,-0.04004651574732242,42
2011-03-31,stop_10,-0.04814307794580695,42
2011-03-31,stop_20,-0.04637154393454625,42
2011-03-31,stop_30,-0.049270901739807825,42
2011-04-29,hold,0.012199771981035288,49
2011-04-29,stop_10,-0.00389456625213143,49
2011-04-29,stop_20,0.011804705239516036,49
2011-04-29,stop_30,0.011994444109566191,49
2011-05-31,hold,0.07193070818303111,48
2011-05-31,stop_10,0.053933548596112796,48
2011-05-31,stop_20,0.06462612152011261,48
2011-05-31,stop_30,0.07193070818303111,48
2011-06-30,hold,0.05227441067970041,50
2011-06-30,stop_10,0.05766536433780628,50
2011-06-30,stop_20,0.047615215690994576,50
2011-06-30,stop_30,0.04897740795490476,50
2011-07-29,hold,-0.0770949337081925,50
2011-07-29,stop_10,-0.13080620501526768,50
2011-07-29,stop_20,-0.12330401753643715,50
2011-07-29,stop_30,-0.100734248919075,50
2011-08-31,hold,-0.14350336184996637,49
2011-08-31,stop_10,-0.11797808216156735,49
2011-08-31,stop_20,-0.1382307292229824,49
2011-08-31,stop_30,-0.14021757775611318,49
2011-09-30,hold,0.19323501048408145,47
2011-09-30,stop_10,0.15708864136783254,47
2011-09-30,stop_20,0.19229470561946552,47
2011-09-30,stop_30,0.18706650041135248,47
2011-10-31,hold,-0.020290941791530664,49
2011-10-31,stop_10,-0.023858626452759393,49
2011-10-31,stop_20,-0.014836757334811077,49
2011-10-31,stop_30,-0.013210961274555545,49
2011-11-30,hold,0.07261566948656532,50
2011-11-30,stop_10,0.05403431871693818,50
2011-11-30,stop_20,0.07198052917518243,50
2011-11-30,stop_30,0.07261566948656532,50
2011-12-29,hold,0.1763860775332801,50
2011-12-29,stop_10,0.15919719422232206,50
2011-12-29,stop_20,0.17555117894179306,50
2011-12-29,stop_30,0.177699510369101,50
2012-01-31,hold,0.2221337870577313,47
2012-01-31,stop_10,0.22635429439961524,47
2012-01-31,stop_20,0.2286972218275836,47
2012-01-31,stop_30,0.22491226014909546,47
2012-02-29,hold,0.0027396615497968678,50
2012-02-29,stop_10,0.012318836539781495,50
2012-02-29,stop_20,0.021903056900541173,50
2012-02-29,stop_30,0.008157844270201362,50
2012-03-30,hold,0.05663655090568347,48
2012-03-30,stop_10,0.05143462582858705,48
2012-03-30,stop_20,0.045779775483579255,48
2012-03-30,stop_30,0.05230315645024156,48
2012-04-30,hold,0.03748824309810099,46
2012-04-30,stop_10,0.02823944380178869,46
2012-04-30,stop_20,0.029627800200463555,46
2012-04-30,stop_30,0.04268795774929851,46
2012-05-31,hold,0.1641053035998835,47
2012-05-31,stop_10,0.12331145993587335,47
2012-05-31,stop_20,0.14139848339399258,47
2012-05-31,stop_30,0.1517971252615765,47
2012-06-29,hold,-0.00212921383116208,50
2012-06-29,stop_10,0.007744993871761994,50
2012-06-29,stop_20,0.0029724543168663043,50
2012-06-29,stop_30,-0.0012078518908947911,50
2012-07-31,hold,0.015029561997318587,48
2012-07-31,stop_10,0.025774202002835034,48
2012-07-31,stop_20,0.01440572905986457,48
2012-07-31,stop_30,0.014625259954367385,48
2012-08-31,hold,-0.019984774425201652,45
2012-08-31,stop_10,-0.003284393914678575,45
2012-08-31,stop_20,-0.0018371546462114436,45
2012-08-31,stop_30,-0.016026589763950834,45
2012-09-28,hold,-0.053094029197800825,49
2012-09-28,stop_10,-0.024083219939894703,49
2012-09-28,stop_20,-0.04656574493772452,49
2012-09-28,stop_30,-0.056570648276372544,49
2012-10-31,hold,-0.06221878185843801,50
2012-10-31,stop_10,-0.03210702000642785,50
2012-10-31,stop_20,-0.04898505881406654,50
2012-10-31,stop_30,-0.05660971241788082,50
2012-11-30,hold,-0.02070777120912767,48
2012-11-30,stop_10,-0.034719181545543404,48
2012-11-30,stop_20,-0.02196055199614864,48
2012-11-30,stop_30,-0.024027477107147494,48
2012-12-28,hold,0.1271710292565167,50
2012-12-28,stop_10,0.11436942690081431,50
2012-12-28,stop_20,0.12129628324913613,50
2012-12-28,stop_30,0.12727412204002186,50
2013-01-31,hold,0.02845182947551191,49
2013-01-31,stop_10,0.04399147794261984,49
2013-01-31,stop_20,0.03309423304757917,49
2013-01-31,stop_30,0.03184684317703215,49
2013-02-28,hold,-0.014743296863491386,50
2013-02-28,stop_10,-0.006270414522027068,50
2013-02-28,stop_20,-0.01409496050050263,50
2013-02-28,stop_30,-0.01225829236899641,50
2013-03-29,hold,0.01807165245431515,49
2013-03-29,stop_10,0.029051307117662455,49
2013-03-29,stop_20,0.019830426673183577,49
2013-03-29,stop_30,0.0243007330177475,49
2013-04-30,hold,0.14047401062959244,45
2013-04-30,stop_10,0.1300306064452419,45
2013-04-30,stop_20,0.14220351841588258,45
2013-04-30,stop_30,0.14047401062959244,45
2013-05-31,hold,-0.08815421847430582,48
2013-05-31,stop_10,-0.09078531178802628,48
2013-05-31,stop_20,-0.10439549292327936,48
2013-05-31,stop_30,-0.08919906658622097,48
2013-06-28,hold,0.04020829725448212,49
2013-06-28,stop_10,0.03524305393760403,49
2013-06-28,stop_20,0.04106134573382701,49
2013-06-28,stop_30,0.04020829725448212,49
2013-07-31,hold,-0.06470312944096478,49
2013-07-31,stop_10,-0.03898646033465042,49
2013-07-31,stop_20,-0.06395305035830334,49
2013-07-31,stop_30,-0.06885309186285814,49
2013-08-30,hold,0.03380353998688552,49
2013-08-30,stop_10,0.03245360988761227,49
2013-08-30,stop_20,0.03052389006221829,49
2013-08-30,stop_30,0.03380353998688552,49
2013-09-30,hold,-0.03095160795208759,50
2013-09-30,stop_10,-0.0410999093944571,50
2013-09-30,stop_20,-0.03677692906857399,50
2013-09-30,stop_30,-0.03624730916528949,50
2013-10-31,hold,0.004936507892770301,50
2013-10-31,stop_10,0.012896613705815132,50
2013-10-31,stop_20,0.003873960555550231,50
2013-10-31,stop_30,-0.0010352326434532478,50
2013-11-29,hold,-0.02418722104058402,50
2013-11-29,stop_10,-0.029169158524354574,50
2013-11-29,stop_20,-0.029856038651267826,50
2013-11-29,stop_30,-0.02238091601360305,50
2013-12-30,hold,0.028610002556315618,50
2013-12-30,stop_10,0.030554571070534192,50
2013-12-30,stop_20,0.028608099016257604,50
2013-12-30,stop_30,0.028610002556315618,50
2014-01-29,hold,0.025908169042900376,49
2014-01-29,stop_10,0.024911102053751306,49
2014-01-29,stop_20,0.02733391928649014,49
2014-01-29,stop_30,0.025908169042900376,49
2014-02-28,hold,-0.0018310785987502066,49
2014-02-28,stop_10,-0.005883806641335286,49
2014-02-28,stop_20,0.006396623549315545,49
2014-02-28,stop_30,-0.004617316082741559,49
2014-03-31,hold,0.043897705021175355,50
2014-03-31,stop_10,0.051405388292005874,50
2014-03-31,stop_20,0.04407057655792776,50
2014-03-31,stop_30,0.04450376562723596,50
2014-04-30,hold,0.15131841728676865,48
2014-04-30,stop_10,0.13836889640969743,48
2014-04-30,stop_20,0.15131841728676865,48
2014-04-30,stop_30,0.15131841728676865,48
2014-05-30,hold,0.018026443378187304,50
2014-05-30,stop_10,-0.011977443934387624,50
2014-05-30,stop_20,0.017516249645039044,50
2014-05-30,stop_30,0.018026443378187304,50
2014-06-30,hold,0.015095905893172475,50
2014-06-30,stop_10,0.02323035828019658,50
2014-06-30,stop_20,0.01722228134539127,50
2014-06-30,stop_30,0.016652478816651873,50
2014-07-31,hold,0.06729121893463967,50
2014-07-31,stop_10,0.06085033680720398,50
2014-07-31,stop_20,0.06181097941368158,50
2014-07-31,stop_30,0.06729121893463967,50
2014-08-29,hold,-0.020891439721257243,48
2014-08-29,stop_10,-0.013156948987655298,48
2014-08-29,stop_20,-0.01968398678208925,48
2014-08-29,stop_30,-0.028363726636732988,48
2014-09-30,hold,-0.023166074959770112,50
2014-09-30,stop_10,-0.04334190644350851,50
2014-09-30,stop_20,-0.02287893150366698,50
2014-09-30,stop_30,-0.025436970216115642,50
2014-10-31,hold,0.06090063925424428,50
2014-10-31,stop_10,0.014866645158626388,50
2014-10-31,stop_20,0.056290469762718856,50
2014-10-31,stop_30,0.06090063925424428,50
2014-11-28,hold,-0.0123247697539717,50
2014-11-28,stop_10,-0.01684980343213451,50
2014-11-28,stop_20,-0.007400391512977222,50
2014-11-28,stop_30,-0.013208747654524186,50
2014-12-30,hold,0.12267691882469026,50
2014-12-30,stop_10,0.12321193550419769,50
2014-12-30,stop_20,0.11964661579438722,50
2014-12-30,stop_30,0.12267691882469026,50
2015-01-30,hold,0.14817439795951298,50
2015-01-30,stop_10,0.1347908670862434,50
2015-01-30,stop_20,0.14038191693378077,50
2015-01-30,stop_30,0.14817439795951298,50
2015-02-27,hold,0.11605593648164353,50
2015-02-27,stop_10,0.11427853147878783,50
2015-02-27,stop_20,0.11750955458493045,50
2015-02-27,stop_30,0.11445095667006884,50
2015-03-31,hold,0.11029416632518453,49
2015-03-31,stop_10,0.09982970713750956,49
2015-03-31,stop_20,0.1060297419329674,49
2015-03-31,stop_30,0.11029416632518453,49
2015-04-30,hold,0.04180661278126465,50
2015-04-30,stop_10,0.04338060183202307,50
2015-04-30,stop_20,0.04104677490857792,50
2015-04-30,stop_30,0.04098382797113805,50
2015-05-29,hold,0.15895829376935747,50
2015-05-29,stop_10,0.08584798389052434,50
2015-05-29,stop_20,0.13399750945563196,50
2015-05-29,stop_30,0.15895829376935747,50
2015-06-30,hold,0.11638030209505307,50
2015-06-30,stop_10,0.10566895419397476,50
2015-06-30,stop_20,0.11336199346384122,50
2015-06-30,stop_30,0.11638030209505307,50
2015-07-31,hold,-0.02712703162742958,50
2015-07-31,stop_10,-0.05657374214891018,50
2015-07-31,stop_20,-0.03631254299832323,50
2015-07-31,stop_30,-0.03413674708785558,50
2015-08-31,hold,-0.006683518918314753,50
2015-08-31,stop_10,0.0014492338609523258,50
2015-08-31,stop_20,-0.002851791150943421,50
2015-08-31,stop_30,-0.006510251591582079,50
2015-09-30,hold,0.11058529019872008,50
2015-09-30,stop_10,0.11086327117896878,50
2015-09-30,stop_20,0.11058529019872008,50
2015-09-30,stop_30,0.11058529019872008,50
2015-10-30,hold,0.15519978776002388,49
2015-10-30,stop_10,0.14324009245847008,49
2015-10-30,stop_20,0.1546860784428424,49
2015-10-30,stop_30,0.15519978776002388,49
2015-11-30,hold,0.027337421371456873,50
2015-11-30,stop_10,0.031316279853919694,50
2015-11-30,stop_20,0.02751217026879982,50
2015-11-30,stop_30,0.027216148001067784,50
2015-12-30,hold,-0.008086255030845995,50
2015-12-30,stop_10,-0.007834824214254238,50
2015-12-30,stop_20,-0.008424536011170469,50
2015-12-30,stop_30,-0.008086255030845995,50
2016-01-29,hold,0.037578712633593477,50
2016-01-29,stop_10,0.012888230658085673,50
2016-01-29,stop_20,0.0273227557224056,50
2016-01-29,stop_30,0.028418775341345424,50
2016-02-29,hold,0.1358862056552226,50
2016-02-29,stop_10,0.12889175704974534,50
2016-02-29,stop_20,0.1358862056552226,50
2016-02-29,stop_30,0.1358862056552226,50
2016-03-31,hold,0.06603920097439127,49
2016-03-31,stop_10,0.06296605942036601,49
2016-03-31,stop_20,0.06603920097439127,49
2016-03-31,stop_30,0.06603920097439127,49
2016-04-29,hold,0.054253312694010854,49
2016-04-29,stop_10,0.04275012495835284,49
2016-04-29,stop_20,0.05410157913813498,49
2016-04-29,stop_30,0.054253312694010854,49
2016-05-31,hold,0.06578181640217864,50
2016-05-31,stop_10,0.06104729548460048,50
2016-05-31,stop_20,0.06591867068128426,50
2016-05-31,stop_30,0.06578181640217864,50
2016-06-30,hold,0.11688108699187798,50
2016-06-30,stop_10,0.11675514240749511,50
2016-06-30,stop_20,0.11672995349061853,50
2016-06-30,stop_30,0.11688108699187798,50
2016-07-29,hold,0.029077566988515727,50
2016-07-29,stop_10,0.030297975677660592,50
2016-07-29,stop_20,0.029077566988515727,50
2016-07-29,stop_30,0.029077566988515727,50
2016-08-31,hold,0.04610344365598076,49
2016-08-31,stop_10,0.04987567128333226,49
2016-08-31,stop_20,0.04686714857043643,49
2016-08-31,stop_30,0.04610344365598076,49
2016-09-30,hold,-0.04182454836559787,50
2016-09-30,stop_10,-0.03415671006198439,50
2016-09-30,stop_20,-0.03450214128172493,50
2016-09-30,stop_30,-0.040232151663261495,50
2016-10-31,hold,0.01131902226259054,50
2016-10-31,stop_10,0.0033557485057317416,50
2016-10-31,stop_20,0.011267608380842467,50
2016-10-31,stop_30,0.005560667506806476,50
2016-11-30,hold,0.057740491020111265,50
2016-11-30,stop_10,0.05852952965510776,50
2016-11-30,stop_20,0.05762598720331737,50
2016-11-30,stop_30,0.05612471493868632,50
2016-12-29,hold,0.11828247627546254,50
2016-12-29,stop_10,0.11684926738858287,50
2016-12-29,stop_20,0.11813247627546256,50
2016-12-29,stop_30,0.11828247627546254,50
2017-01-31,hold,-0.024286237499031058,50
2017-01-31,stop_10,-0.02967787063418175,50
2017-01-31,stop_20,-0.027533154782584245,50
2017-01-31,stop_30,-0.023617209557275844,50
2017-02-28,hold,0.026938416862610753,48
2017-02-28,stop_10,0.0414187476353061,48
2017-02-28,stop_20,0.02782978376828017,48
2017-02-28,stop_30,0.02939723469206812,48
2017-03-31,hold,-0.02265077835866531,50
2017-03-31,stop_10,-0.012814720861074783,50
2017-03-31,stop_20,-0.0204944958610468,50
2017-03-31,stop_30,-0.018417928097126522,50
2017-04-28,hold,0.0039007108929159646,47
2017-04-28,stop_10,0.006379634183384738,47
2017-04-28,stop_20,0.0077012155500917525,47
2017-04-28,stop_30,0.0039007108929159646,47
2017-05-31,hold,0.03084958278522982,50
2017-05-31,stop_10,0.021323748951167863,50
2017-05-31,stop_20,0.0299153267298665,50
2017-05-31,stop_30,0.03084958278522982,50
2017-06-30,hold,-0.04369364494799578,47
2017-06-30,stop_10,-0.026278575822939104,47
2017-06-30,stop_20,-0.03543888776289974,47
2017-06-30,stop_30,-0.04246996503298344,47
2017-07-31,hold,0.017762831989369975,50
2017-07-31,stop_10,0.006423738201561093,50
2017-07-31,stop_20,0.017762831989369975,50
2017-07-31,stop_30,0.017762831989369975,50
2017-08-31,hold,-0.07916803325012607,50
2017-08-31,stop_10,-0.07305056453874187,50
2017-08-31,stop_20,-0.08459323086030672,50
2017-08-31,stop_30,-0.0777901122186998,50
2017-09-29,hold,0.031049662147284544,49
2017-09-29,stop_10,0.03036714620186548,49
2017-09-29,stop_20,0.03259939446624764,49
2017-09-29,stop_30,0.03259939446624764,49
2017-10-31,hold,0.0379325045797343,49
2017-10-31,stop_10,0.04353590981553438,49
2017-10-31,stop_20,0.03572103869740843,49
2017-10-31,stop_30,0.03554215823063957,49
2017-11-30,hold,0.017112540630206414,49
2017-11-30,stop_10,-0.006670618972153792,49
2017-11-30,stop_20,0.018936714874782667,49
2017-11-30,stop_30,0.017112540630206414,49
2017-12-28,hold,0.22914706990805112,50
2017-12-28,stop_10,0.19394649083414328,50
2017-12-28,stop_20,0.22914706990805112,50
2017-12-28,stop_30,0.22914706990805112,50
2018-01-31,hold,0.04314488983905854,50
2018-01-31,stop_10,0.017860217639829236,50
2018-01-31,stop_20,0.04267086744015284,50
2018-01-31,stop_30,0.04314488983905854,50
2018-02-28,hold,0.07124277041124952,47
2018-02-28,stop_10,0.06725489512025115,47
2018-02-28,stop_20,0.07060922413597366,47
2018-02-28,stop_30,0.07124277041124952,47
2018-03-30,hold,0.07588637002563864,50
2018-03-30,stop_10,0.06464239633717848,50
2018-03-30,stop_20,0.07588637002563864,50
2018-03-30,stop_30,0.07588637002563864,50
2018-04-30,hold,0.08471464743978668,48
2018-04-30,stop_10,0.08739075790798546,48
2018-04-30,stop_20,0.08471464743978668,48
2018-04-30,stop_30,0.08471464743978668,48
2018-05-31,hold,0.008137359181815223,49
2018-05-31,stop_10,0.0009012101035670612,49
2018-05-31,stop_20,0.007186206801259154,49
2018-05-31,stop_30,0.008137359181815223,49
2018-06-29,hold,-0.0022984611663467856,49
2018-06-29,stop_10,-0.0119758966878756,49
2018-06-29,stop_20,-0.0020167903110711143,49
2018-06-29,stop_30,-0.0006630824739683313,49
2018-07-31,hold,0.06632239072698055,50
2018-07-31,stop_10,0.05530769010345236,50
2018-07-31,stop_20,0.056553049083321386,50
2018-07-31,stop_30,0.06632239072698055,50
2018-08-31,hold,0.027574624783353107,50
2018-08-31,stop_10,0.0264814833405798,50
2018-08-31,stop_20,0.03026880116289673,50
2018-08-31,stop_30,0.02954432175305008,50
2018-09-28,hold,-0.19847796549417812,46
2018-09-28,stop_10,-0.11941896551391461,46
2018-09-28,stop_20,-0.1865591314551116,46
2018-09-28,stop_30,-0.2002348841310796,46
2018-10-31,hold,0.10745775877878462,50
2018-10-31,stop_10,0.10890075242615169,50
2018-10-31,stop_20,0.10745775877878462,50
2018-10-31,stop_30,0.10745775877878462,50
2018-11-30,hold,-0.030484342459968936,50
2018-11-30,stop_10,-0.034438470795020694,50
2018-11-30,stop_20,-0.027915373074137072,50
2018-11-30,stop_30,-0.029827811706686278,50
2018-12-28,hold,0.0903994388993213,48
2018-12-28,stop_10,0.08756087979833056,48
2018-12-28,stop_20,0.08172831245407748,48
2018-12-28,stop_30,0.0818211236017121,48
2019-01-31,hold,0.036077600353212856,50
2019-01-31,stop_10,0.03147155723355394,50
2019-01-31,stop_20,0.03650265664524225,50
2019-01-31,stop_30,0.036383722802192445,50
2019-02-28,hold,0.031556410131376604,50
2019-02-28,stop_10,0.014766825753911987,50
2019-02-28,stop_20,0.018763417941881418,50
2019-02-28,stop_30,0.01893757423135985,50
2019-03-29,hold,0.14864351889260707,50
2019-03-29,stop_10,0.14864351889260707,50
2019-03-29,stop_20,0.14864351889260707,50
2019-03-29,stop_30,0.14864351889260707,50
2019-04-30,hold,-0.014171849006705933,49
2019-04-30,stop_10,-0.006231831855212629,49
2019-04-30,stop_20,-0.013911575083325554,49
2019-04-30,stop_30,-0.017054445885333017,49
2019-05-31,hold,0.09587889990620387,50
2019-05-31,stop_10,0.09803781884423156,50
2019-05-31,stop_20,0.096456314688415,50
2019-05-31,stop_30,0.09587889990620387,50
2019-06-28,hold,-0.04868734524149982,50
2019-06-28,stop_10,-0.04475224576719532,50
2019-06-28,stop_20,-0.04751663121341803,50
2019-06-28,stop_30,-0.048738409071287056,50
2019-07-31,hold,-0.03248464224011771,49
2019-07-31,stop_10,-0.07324826677253243,49
2019-07-31,stop_20,-0.036708333439565345,49
2019-07-31,stop_30,-0.028262752712105738,49
2019-08-30,hold,0.06876971645345188,50
2019-08-30,stop_10,0.07278227294345548,50
2019-08-30,stop_20,0.06876971645345188,50
2019-08-30,stop_30,0.06876971645345188,50
2019-09-30,hold,-0.0008928672487569419,48
2019-09-30,stop_10,0.005477396538076926,48
2019-09-30,stop_20,0.002703941427479567,48
2019-09-30,stop_30,-0.0008928672487569419,48
2019-10-31,hold,0.08683606465290516,50
2019-10-31,stop_10,0.09035121616805668,50
2019-10-31,stop_20,0.09035121616805668,50
2019-10-31,stop_30,0.08683606465290516,50
2019-11-29,hold,0.03700839835062081,49
2019-11-29,stop_10,0.03589375506635484,49
2019-11-29,stop_20,0.04209056513037988,49
2019-11-29,stop_30,0.038852861919025844,49
2019-12-30,hold,-0.04410472841690852,49
2019-12-30,stop_10,-0.01669816809391778,49
2019-12-30,stop_20,-0.028111251650349337,49
2019-12-30,stop_30,-0.04034888769640327,49
2020-01-31,hold,-0.08381224017876988,50
2020-01-31,stop_10,-0.07021187858642855,50
2020-01-31,stop_20,-0.07937856023687687,50
2020-01-31,stop_30,-0.08129309124259967,50
2020-02-28,hold,-0.14225505690058932,49
2020-02-28,stop_10,-0.11952115867731972,49
2020-02-28,stop_20,-0.15655387959177836,49
2020-02-28,stop_30,-0.1947862741695526,49
2020-03-31,hold,0.1212841439040699,50
2020-03-31,stop_10,0.10699779618737205,50
2020-03-31,stop_20,0.1212841439040699,50
2020-03-31,stop_30,0.1212841439040699,50
2020-04-29,hold,0.04438568245425436,50
2020-04-29,stop_10,0.031324480601216634,50
2020-04-29,stop_20,0.045870662192311035,50
2020-04-29,stop_30,0.045889960601748596,50
2020-05-29,hold,-0.006710174067191346,49
2020-05-29,stop_10,-0.013586254015403814,49
2020-05-29,stop_20,-0.007318967320140915,49
2020-05-29,stop_30,-0.006710174067191346,49
2020-06-30,hold,0.11121558072729687,49
2020-06-30,stop_10,0.108856292006028,49
2020-06-30,stop_20,0.1129098689825786,49
2020-06-30,stop_30,0.11121558072729687,49
2020-07-31,hold,0.04258728011921329,49
2020-07-31,stop_10,0.030756318217682592,49
2020-07-31,stop_20,0.0349179073904667,49
2020-07-31,stop_30,0.034223927027540665,49
2020-08-31,hold,0.038711030772729305,50
2020-08-31,stop_10,0.032175667397125685,50
2020-08-31,stop_20,0.03906817362987216,50
2020-08-31,stop_30,0.038711030772729305,50
2020-09-29,hold,0.03366242585711518,50
2020-09-29,stop_10,0.036824971801934316,50
2020-09-29,stop_20,0.03430767571982798,50
2020-09-29,stop_30,0.03366242585711518,50
2020-10-30,hold,0.13428076775174932,50
2020-10-30,stop_10,0.12481658947584093,50
2020-10-30,stop_20,0.12803695030010187,50
2020-10-30,stop_30,0.1273983146001309,50
2020-11-30,hold,0.09664685946161608,50
2020-11-30,stop_10,0.09488827767799218,50
2020-11-30,stop_20,0.09848846073162466,50
2020-11-30,stop_30,0.09737687387328105,50
2020-12-30,hold,0.09411867408723534,50
2020-12-30,stop_10,0.10041625277238281,50
2020-12-30,stop_20,0.09259770502664719,50
2020-12-30,stop_30,0.09430148944372528,50
2021-01-29,hold,0.02607376625056579,50
2021-01-29,stop_10,0.02194444930946022,50
2021-01-29,stop_20,0.021469352369836117,50
2021-01-29,stop_30,0.027634612811412346,50
2021-02-26,hold,0.044607690471886084,50
2021-02-26,stop_10,0.04529207785732756,50
2021-02-26,stop_20,0.035511942780029,50
2021-02-26,stop_30,0.04121836923955964,50
2021-03-31,hold,0.10776153593346889,50
2021-03-31,stop_10,0.10858771229426757,50
2021-03-31,stop_20,0.10783146600339895,50
2021-03-31,stop_30,0.10776153593346889,50
2021-04-30,hold,0.07223466736526774,50
2021-04-30,stop_10,0.05783915617012205,50
2021-04-30,stop_20,0.07223466736526774,50
2021-04-30,stop_30,0.07223466736526774,50
2021-05-31,hold,-0.12172203128044233,49
2021-05-31,stop_10,-0.10841147946670344,49
2021-05-31,stop_20,-0.11846929564275234,49
2021-05-31,stop_30,-0.11525673448552762,49
2021-06-30,hold,0.05240647750262733,48
2021-06-30,stop_10,0.05044714388153836,48
2021-06-30,stop_20,0.05199325436213146,48
2021-06-30,stop_30,0.05240647750262733,48
2021-07-30,hold,-0.03561969324470228,50
2021-07-30,stop_10,-0.0477341232396013,50
2021-07-30,stop_20,-0.03801228374027949,50
2021-07-30,stop_30,-0.036774193084706405,50
2021-08-31,hold,-0.0787398533512453,49
2021-08-31,stop_10,-0.06916045454327044,49
2021-08-31,stop_20,-0.07223774441818487,49
2021-08-31,stop_30,-0.0771223903770825,49
2021-09-30,hold,0.008194741514604753,47
2021-09-30,stop_10,-0.014846296513604198,47
2021-09-30,stop_20,0.013058054711780611,47
2021-09-30,stop_30,0.01046819889963453,47
2021-10-29,hold,-0.0861509417657919,50
2021-10-29,stop_10,-0.058996124899566266,50
2021-10-29,stop_20,-0.07917255545243157,50
2021-10-29,stop_30,-0.08267166758566871,50
2021-11-30,hold,0.16983209732247861,49
2021-11-30,stop_10,0.15391660892112968,49
2021-11-30,stop_20,0.16774616372549253,49
2021-11-30,stop_30,0.16928819494113206,49
2021-12-30,hold,-0.0762034735694379,49
2021-12-30,stop_10,-0.05803548817320422,49
2021-12-30,stop_20,-0.06637166527490136,49
2021-12-30,stop_30,-0.07411908101753165,49
2022-01-28,hold,0.035114390951937885,50
2022-01-28,stop_10,0.039663521333721766,50
2022-01-28,stop_20,0.037340102753620694,50
2022-01-28,stop_30,0.03696148359994586,50
2022-02-28,hold,0.09975061847566169,50
2022-02-28,stop_10,0.07046730975618017,50
2022-02-28,stop_20,0.08593729190843905,50
2022-02-28,stop_30,0.08876183152357198,50
2022-03-31,hold,0.05237323538543244,49
2022-03-31,stop_10,0.05693607032117952,49
2022-03-31,stop_20,0.05256404175275392,49
2022-03-31,stop_30,0.048976713191917765,49
2022-04-29,hold,-0.019366673501311053,50
2022-04-29,stop_10,-0.027122227594219995,50
2022-04-29,stop_20,-0.025786706654770574,50
2022-04-29,stop_30,-0.020227702052153167,50
2022-05-31,hold,-0.13204539831964557,50
2022-05-31,stop_10,-0.09148591833095214,50
2022-05-31,stop_20,-0.13841035019103878,50
2022-05-31,stop_30,-0.1364157803248875,50
2022-06-30,hold,0.0712315547387102,50
2022-06-30,stop_10,0.06610931968719053,50
2022-06-30,stop_20,0.0712315547387102,50
2022-06-30,stop_30,0.0712315547387102,50
2022-07-29,hold,0.010323528231559605,50
2022-07-29,stop_10,0.008904060648984887,50
2022-07-29,stop_20,0.006719185002410251,50
2022-07-29,stop_30,0.007607468876976751,50
2022-08-31,hold,-0.0777232248500506,48
2022-08-31,stop_10,-0.059126055309272146,48
2022-08-31,stop_20,-0.07526302807942908,48
2022-08-31,stop_30,-0.07742173525776284,48
2022-09-30,hold,0.022811183124119176,48
2022-09-30,stop_10,0.017472066139706494,48
2022-09-30,stop_20,0.023169495982432037,48
2022-09-30,stop_30,0.022811183124119176,48
2022-10-31,hold,0.055228040003705466,49
2022-10-31,stop_10,0.05103153101622248,49
2022-10-31,stop_20,0.054082683902081145,49
2022-10-31,stop_30,0.055228040003705466,49
2022-11-30,hold,0.014858270167444985,47
2022-11-30,stop_10,0.02015335233815487,47
2022-11-30,stop_20,0.016463762180382226,47
2022-11-30,stop_30,0.016706619203211186,47
2022-12-29,hold,0.12372032586880703,50
2022-12-29,stop_10,0.127836550746466,50
2022-12-29,stop_20,0.12605874655063518,50
2022-12-29,stop_30,0.12436323392297668,50
2023-01-31,hold,0.07293492374366466,49
2023-01-31,stop_10,0.07688436667755974,49
2023-01-31,stop_20,0.07300590865937005,49
2023-01-31,stop_30,0.07293492374366466,49
2023-02-28,hold,-0.03444570072438802,48
2023-02-28,stop_10,-0.04201754905521212,48
2023-02-28,stop_20,-0.039647419371876304,48
2023-02-28,stop_30,-0.036129456253137515,48
2023-03-31,hold,0.08608420023946291,48
2023-03-31,stop_10,0.08794333306247282,48
2023-03-31,stop_20,0.08608420023946291,48
2023-03-31,stop_30,0.08608420023946291,48
2023-04-28,hold,0.047478475201490906,47
2023-04-28,stop_10,0.037135512986042875,47
2023-04-28,stop_20,0.047878003337917606,47
2023-04-28,stop_30,0.047478475201490906,47
2023-05-31,hold,-0.015650038205883395,50
2023-05-31,stop_10,-0.022091844972043768,50
2023-05-31,stop_20,-0.014335484215273066,50
2023-05-31,stop_30,-0.015650038205883395,50
2023-06-30,hold,-0.06774670882024045,50
2023-06-30,stop_10,-0.0713714451270806,50
2023-06-30,stop_20,-0.07555047023586738,50
2023-06-30,stop_30,-0.06946049454233855,50
2023-07-31,hold,0.03912162574808828,49
2023-07-31,stop_10,0.03136807123689746,49
2023-07-31,stop_20,0.03912162574808828,49
2023-07-31,stop_30,0.03912162574808828,49
2023-08-31,hold,-0.017874504162739446,47
2023-08-31,stop_10,-0.005016720146319321,47
2023-08-31,stop_20,-0.013551530513031531,47
2023-08-31,stop_30,-0.01915417235181482,47
2023-09-27,hold,-0.03343913072217454,50
2023-09-27,stop_10,-0.03587892978700357,50
2023-09-27,stop_20,-0.03527378343430789,50
2023-09-27,stop_30,-0.03343913072217454,50
2023-10-31,hold,0.09944788495495302,46
2023-10-31,stop_10,0.1042213399574274,46
2023-10-31,stop_20,0.10559481149168466,46
2023-10-31,stop_30,0.10435792993246426,46
2023-11-30,hold,0.04540761540620407,47
2023-11-30,stop_10,0.005216367327780707,47
2023-11-30,stop_20,0.03560597697277402,47
2023-11-30,stop_30,0.040956576830536405,47
2023-12-28,hold,0.04934012009835533,46
2023-12-28,stop_10,0.04466287646905016,46
2023-12-28,stop_20,0.053931320451859124,46
2023-12-28,stop_30,0.050552132382350914,46
2024-01-31,hold,0.015409429007711082,49
2024-01-31,stop_10,0.021972531513617787,49
2024-01-31,stop_20,0.015602890251034793,49
2024-01-31,stop_30,0.015529074856000148,49
2024-02-29,hold,0.01995617923927089,49
2024-02-29,stop_10,0.016630138517084853,49
2024-02-29,stop_20,0.0037124261244966014,49
2024-02-29,stop_30,0.007659536523082123,49
2024-03-29,hold,0.018819823572998388,48
2024-03-29,stop_10,0.01476575854742933,48
2024-03-29,stop_20,0.01860078151692362,48
2024-03-29,stop_30,0.018819823572998388,48
2024-04-30,hold,0.0287565353883004,50
2024-04-30,stop_10,0.02458107328616161,50
2024-04-30,stop_20,0.025686123691493926,50
2024-04-30,stop_30,0.0287565353883004,50
2024-05-31,hold,-0.02213932728237687,47
2024-05-31,stop_10,-0.02262905906227238,47
2024-05-31,stop_20,-0.019071922633951043,47
2024-05-31,stop_30,-0.0215963051171994,47
2024-06-28,hold,0.039230448587778376,48
2024-06-28,stop_10,0.04409479826113973,48
2024-06-28,stop_20,0.04301184080172329,48
2024-06-28,stop_30,0.039028835684552565,48
2024-07-31,hold,-0.01920330377630123,50
2024-07-31,stop_10,-0.05354584812658296,50
2024-07-31,stop_20,-0.022941227632199045,50
2024-07-31,stop_30,-0.018224862648606364,50
2024-08-30,hold,0.04816480439415126,47
2024-08-30,stop_10,0.051958482998467684,47
2024-08-30,stop_20,0.04804634866738481,47
2024-08-30,stop_30,0.047536177701694764,47
2024-09-30,hold,-0.02652790093679709,49
2024-09-30,stop_10,-0.017597568209503343,49
2024-09-30,stop_20,-0.018826651498235248,49
2024-09-30,stop_30,-0.01546047744240602,49
2024-10-31,hold,-0.07611046625926808,47
2024-10-31,stop_10,-0.0770306056303762,47
2024-10-31,stop_20,-0.09229954325338147,47
2024-10-31,stop_30,-0.08640464850875923,47
2024-11-29,hold,0.11197195356880842,46
2024-11-29,stop_10,0.06861000655535582,46
2024-11-29,stop_20,0.09519427597480147,46
2024-11-29,stop_30,0.1127958566857431,46
2024-12-30,hold,0.03552525359910912,48
2024-12-30,stop_10,0.037684290981745645,48
2024-12-30,stop_20,0.03624364440370682,48
2024-12-30,stop_30,0.03552525359910912,48
2025-01-31,hold,0.0467958999276306,46
2025-01-31,stop_10,0.0431101861303895,46
2025-01-31,stop_20,0.04984739124231513,46
2025-01-31,stop_30,0.0467958999276306,46
2025-02-28,hold,-0.024123504646653693,46
2025-02-28,stop_10,-0.013603900503944265,46
2025-02-28,stop_20,-0.0177295147942527,46
2025-02-28,stop_30,-0.01837207657285022,46
2025-03-31,hold,0.05587781231646232,48
2025-03-31,stop_10,0.059978954410847884,48
2025-03-31,stop_20,0.060460898219062885,48
2025-03-31,stop_30,0.057669277694884225,48
2025-04-30,hold,0.08057248318256825,46
2025-04-30,stop_10,0.05481921511266617,46
2025-04-30,stop_20,0.06687024339337194,46
2025-04-30,stop_30,0.06542096803105309,46
2025-05-30,hold,0.010682820459023573,48
2025-05-30,stop_10,0.016425654683981935,48
2025-05-30,stop_20,0.014566481065930253,48
2025-05-30,stop_30,0.01062038234469261,48
2025-06-30,hold,-0.009992835365017756,44
2025-06-30,stop_10,-0.010670657726038774,44
2025-06-30,stop_20,-0.010253547221739589,44
2025-06-30,stop_30,-0.009992835365017756,44
2025-07-31,hold,0.014076637971083791,48
2025-07-31,stop_10,0.007118523753948572,48
2025-07-31,stop_20,0.012938707664413884,48
2025-07-31,stop_30,0.014076637971083791,48
2025-08-29,hold,0.07321571408469857,48
2025-08-29,stop_10,0.07373057974387555,48
2025-08-29,stop_20,0.07321571408469857,48
2025-08-29,stop_30,0.07321571408469857,48
2025-09-30,hold,0.012220249207406492,47
2025-09-30,stop_10,0.006024911034511843,47
2025-09-30,stop_20,0.011295179827202975,47
2025-09-30,stop_30,0.009424016762700412,47
2025-10-31,hold,-0.023155039259561323,48
2025-10-31,stop_10,-0.03255587173803956,48
2025-10-31,stop_20,-0.027315484984012418,48
2025-10-31,stop_30,-0.023155039259561323,48
2025-11-28,hold,-0.008671135220252478,49
2025-11-28,stop_10,-0.0042842434248545795,49
2025-11-28,stop_20,-0.007368362854427421,49
2025-11-28,stop_30,-0.00853642787196663,49
2025-12-30,hold,0.04618658130076714,46
2025-12-30,stop_10,0.03849701367054883,46
2025-12-30,stop_20,0.0511315499111147,46
2025-12-30,stop_30,0.04735497104726196,46
2026-01-30,hold,-0.08771918576758099,48
2026-01-30,stop_10,-0.051756926730357984,48
2026-01-30,stop_20,-0.07918719364793869,48
2026-01-30,stop_30,-0.08176360601419559,48
2026-02-27,hold,0.05981734723287963,50
2026-02-27,stop_10,-0.0752012810846709,50
2026-02-27,stop_20,-0.02540507999340236,50
2026-02-27,stop_30,0.0552609941959558,50
2026-03-31,hold,0.09208526083133042,46
2026-03-31,stop_10,0.070610361642223,46
2026-03-31,stop_20,0.09208526083133042,46
2026-03-31,stop_30,0.09208526083133042,46
2026-04-30,hold,0.0071346476988700495,50
2026-04-30,stop_10,0.0071346476988700495,50
2026-04-30,stop_20,0.0071346476988700495,50
2026-04-30,stop_30,0.0071346476988700495,50
